"domain","X_worker_id","publisher_type"
"http://8tracks.com",22245763,"news"
"http://8tracks.com",41189648,"news"
"http://8tracks.com",38527054,"company"
"http://8tracks.com",21353389,"sp_source"
"http://8tracks.com",30286087,"company"
"http://addons.mozilla.org",41166195,"company"
"http://addons.mozilla.org",29549959,"company"
"http://addons.mozilla.org",36596402,"company"
"http://addons.mozilla.org",41630623,"company"
"http://addons.mozilla.org",36401048,"company"
"http://addons.mozilla.org",38012668,"company"
"http://addons.mozilla.org",22245763,"company"
"http://addons.mozilla.org",39757852,"company"
"http://addons.mozilla.org",37004408,"company"
"http://akas.imdb.com",42404850,"company"
"http://akas.imdb.com",11003055,"company"
"http://akas.imdb.com",36126653,"news"
"http://akas.imdb.com",34630521,"company"
"http://akas.imdb.com",41830537,"company"
"http://akas.imdb.com",40289526,"company"
"http://akas.imdb.com",42021855,"company"
"http://akas.imdb.com",35023525,"company"
"http://akas.imdb.com",32227852,"company"
"http://americanart.si.edu",22245763,"company"
"http://americanart.si.edu",41189648,"academia"
"http://americanart.si.edu",38527054,"company"
"http://americanart.si.edu",38588940,"company"
"http://americanart.si.edu",21353389,"company"
"http://archive.org",15439343,"company"
"http://archive.org",38482942,"company"
"http://archive.org",41166195,"company"
"http://archive.org",36606873,"company"
"http://archive.org",36596402,"company"
"http://archive.org",41630623,"academia"
"http://art.famsf.org",41189648,"company"
"http://art.famsf.org",38527054,"company"
"http://art.famsf.org",38588940,"company"
"http://art.famsf.org",36019136,"company"
"http://art.famsf.org",21353389,"company"
"http://backuppc.cvs.sourceforge.net",38482942,"other"
"http://backuppc.cvs.sourceforge.net",36606873,"nw"
"http://backuppc.cvs.sourceforge.net",41166195,"company"
"http://backuppc.cvs.sourceforge.net",29549959,"company"
"http://backuppc.cvs.sourceforge.net",36596402,"company"
"http://backuppc.cvs.sourceforge.net",41630623,"company"
"http://bbti.bodleian.ox.ac.uk",32227852,"academia"
"http://bbti.bodleian.ox.ac.uk",15439343,"company"
"http://bbti.bodleian.ox.ac.uk",39538622,"company"
"http://bbti.bodleian.ox.ac.uk",38482942,"company"
"http://bbti.bodleian.ox.ac.uk",36606873,"academia"
"http://blog.mathieui.net",38482942,"sp_source"
"http://blog.mathieui.net",36606873,"sp_source"
"http://blog.mathieui.net",41166195,"sp_source"
"http://blog.mathieui.net",29549959,"sp_source"
"http://blog.mathieui.net",36596402,"sp_source"
"http://blog.mathieui.net",41630623,"sp_source"
"http://blog.torproject.org",41830537,"company"
"http://blog.torproject.org",36126653,"company"
"http://blog.torproject.org",42021855,"company"
"http://blog.torproject.org",40289526,"other"
"http://blog.torproject.org",32227852,"company"
"http://blogs.windows.com",42404850,"company"
"http://blogs.windows.com",11003055,"company"
"http://blogs.windows.com",36126653,"news"
"http://blogs.windows.com",34630521,"company"
"http://blogs.windows.com",41830537,"company"
"http://blogs.windows.com",40289526,"company"
"http://blogs.windows.com",42021855,"company"
"http://blogs.windows.com",35023525,"company"
"http://blogs.windows.com",32227852,"company"
"http://books.google.co.uk",38482942,"company"
"http://books.google.co.uk",36606873,"academia"
"http://books.google.co.uk",41166195,"company"
"http://books.google.co.uk",29549959,"company"
"http://books.google.co.uk",36596402,"nw"
"http://books.google.co.uk",39757852,"academia"
"http://books.google.co.uk",42355492,"company"
"http://brightlightsfilm.com",22245763,"news"
"http://brightlightsfilm.com",41189648,"news"
"http://brightlightsfilm.com",38527054,"news"
"http://brightlightsfilm.com",21353389,"news"
"http://brightlightsfilm.com",30286087,"news"
"http://bse.sci-lib.com",41189648,"ne"
"http://bse.sci-lib.com",38527054,"ne"
"http://bse.sci-lib.com",38588940,"ne"
"http://bse.sci-lib.com",36019136,"ne"
"http://bse.sci-lib.com",21353389,"ne"
"http://chem.nlm.nih.gov",41830537,"company"
"http://chem.nlm.nih.gov",36126653,"govt"
"http://chem.nlm.nih.gov",42021855,"company"
"http://chem.nlm.nih.gov",40289526,"academia"
"http://chem.nlm.nih.gov",39538622,"academia"
"http://classify.oclc.org",32227852,"company"
"http://classify.oclc.org",15439343,"company"
"http://classify.oclc.org",39538622,"company"
"http://classify.oclc.org",38482942,"company"
"http://classify.oclc.org",36606873,"academia"
"http://collection.cooperhewitt.org",41830537,"company"
"http://collection.cooperhewitt.org",36126653,"company"
"http://collection.cooperhewitt.org",42021855,"company"
"http://collection.cooperhewitt.org",40289526,"news"
"http://collection.cooperhewitt.org",39538622,"company"
"http://collections.artsmia.org",38482942,"company"
"http://collections.artsmia.org",36606873,"company"
"http://collections.artsmia.org",41166195,"company"
"http://collections.artsmia.org",29549959,"company"
"http://collections.artsmia.org",36596402,"company"
"http://collections.artsmia.org",41630623,"govt"
"http://collections.britishart.yale.edu",22245763,"company"
"http://collections.britishart.yale.edu",41189648,"academia"
"http://collections.britishart.yale.edu",38527054,"company"
"http://collections.britishart.yale.edu",38588940,"company"
"http://collections.britishart.yale.edu",21353389,"company"
"http://collections.lacma.org",35023525,"company"
"http://collections.lacma.org",42021855,"company"
"http://collections.lacma.org",32227852,"company"
"http://collections.lacma.org",15439343,"company"
"http://collections.lacma.org",40676540,"company"
"http://collections.lacma.org",39538622,"company"
"http://collections.lacma.org",29549959,"company"
"http://commons.wikimedia.org",41830537,"company"
"http://commons.wikimedia.org",36126653,"company"
"http://commons.wikimedia.org",42021855,"company"
"http://commons.wikimedia.org",40289526,"news"
"http://commons.wikimedia.org",32227852,"company"
"http://daccess-ods.un.org",41166195,"company"
"http://daccess-ods.un.org",29549959,"govt"
"http://daccess-ods.un.org",36596402,"govt"
"http://daccess-ods.un.org",41630623,"govt"
"http://daccess-ods.un.org",36401048,"govt"
"http://daccess-ods.un.org",38012668,"govt"
"http://daccess-ods.un.org",22245763,"govt"
"http://daccess-ods.un.org",39757852,"govt"
"http://daccess-ods.un.org",37004408,"govt"
"http://dirigeant.societe.com",38482942,"ne"
"http://dirigeant.societe.com",36606873,"ne"
"http://dirigeant.societe.com",41166195,"ne"
"http://dirigeant.societe.com",29549959,"ne"
"http://dirigeant.societe.com",36596402,"news"
"http://dirigeant.societe.com",39757852,"ne"
"http://dirigeant.societe.com",38354683,"ne"
"http://download.gnome.org",32227852,"other"
"http://download.gnome.org",15439343,"company"
"http://download.gnome.org",39538622,"other"
"http://download.gnome.org",38482942,"other"
"http://download.gnome.org",36606873,"other"
"http://ekladata.com",41830537,"ne"
"http://ekladata.com",36126653,"sp_source"
"http://ekladata.com",42021855,"ne"
"http://ekladata.com",40289526,"nw"
"http://ekladata.com",32227852,"ne"
"http://electronicintifada.net",38482942,"news"
"http://electronicintifada.net",36606873,"company"
"http://electronicintifada.net",41166195,"news"
"http://electronicintifada.net",29549959,"news"
"http://electronicintifada.net",36596402,"news"
"http://electronicintifada.net",41630623,"news"
"http://en.mediamass.net",41830537,"news"
"http://en.mediamass.net",36126653,"news"
"http://en.mediamass.net",42021855,"news"
"http://en.mediamass.net",40289526,"news"
"http://en.mediamass.net",32227852,"news"
"http://en.wikisource.org",41830537,"company"
"http://en.wikisource.org",36126653,"company"
"http://en.wikisource.org",42021855,"company"
"http://en.wikisource.org",40289526,"news"
"http://en.wikisource.org",32227852,"company"
"http://eprints.lancs.ac.uk",41189648,"academia"
"http://eprints.lancs.ac.uk",38527054,"company"
"http://eprints.lancs.ac.uk",38588940,"academia"
"http://eprints.lancs.ac.uk",36019136,"academia"
"http://eprints.lancs.ac.uk",21353389,"academia"
"http://equipboard.com",42404850,"company"
"http://equipboard.com",11003055,"company"
"http://equipboard.com",36126653,"news"
"http://equipboard.com",34630521,"company"
"http://equipboard.com",41830537,"company"
"http://equipboard.com",40289526,"company"
"http://equipboard.com",42021855,"other"
"http://equipboard.com",35023525,"news"
"http://equipboard.com",32227852,"company"
"http://europeana.eu",38482942,"company"
"http://europeana.eu",36606873,"nw"
"http://europeana.eu",41166195,"company"
"http://europeana.eu",29549959,"company"
"http://europeana.eu",36596402,"company"
"http://europeana.eu",39757852,"company"
"http://europeana.eu",38896482,"company"
"http://factfinder.census.gov",41830537,"govt"
"http://factfinder.census.gov",36126653,"govt"
"http://factfinder.census.gov",40289526,"company"
"http://factfinder.census.gov",35023525,"govt"
"http://factfinder.census.gov",15439343,"govt"
"http://factfinder.census.gov",39538622,"govt"
"http://fdrmx.com",22245763,"company"
"http://fdrmx.com",41189648,"news"
"http://fdrmx.com",38527054,"news"
"http://fdrmx.com",38588940,"company"
"http://fdrmx.com",21353389,"news"
"http://fedoraproject.org",41189648,"ne"
"http://fedoraproject.org",38527054,"company"
"http://fedoraproject.org",38588940,"company"
"http://fedoraproject.org",36019136,"company"
"http://fedoraproject.org",21353389,"company"
"http://feed.snapdo.com",15439343,"company"
"http://feed.snapdo.com",38482942,"company"
"http://feed.snapdo.com",41166195,"other"
"http://feed.snapdo.com",36606873,"company"
"http://feed.snapdo.com",36596402,"company"
"http://feed.snapdo.com",41630623,"company"
"http://ffilms.org",38482942,"news"
"http://ffilms.org",36606873,"sp_source"
"http://ffilms.org",41166195,"company"
"http://ffilms.org",29549959,"company"
"http://ffilms.org",36596402,"company"
"http://ffilms.org",39757852,"news"
"http://ffilms.org",38354683,"company"
"http://fie.org",41630623,"company"
"http://fie.org",22245763,"govt"
"http://fie.org",39757852,"govt"
"http://fie.org",41189648,"company"
"http://fie.org",38527054,"news"
"http://fie.org",38812803,"company"
"http://figshare.com",38482942,"company"
"http://figshare.com",36606873,"academia"
"http://figshare.com",41166195,"academia"
"http://figshare.com",29549959,"academia"
"http://figshare.com",36596402,"company"
"http://figshare.com",41630623,"academia"
"http://firstcycling.com",41830537,"company"
"http://firstcycling.com",36126653,"news"
"http://firstcycling.com",42021855,"news"
"http://firstcycling.com",40289526,"other"
"http://firstcycling.com",32227852,"company"
"http://flickfacts.com",38482942,"nw"
"http://flickfacts.com",36606873,"nw"
"http://flickfacts.com",41166195,"nw"
"http://flickfacts.com",29549959,"nw"
"http://flickfacts.com",36596402,"nw"
"http://flickfacts.com",39757852,"sp_source"
"http://flickfacts.com",42355492,"nw"
"http://flymotorsich.com",35023525,"company"
"http://flymotorsich.com",42021855,"company"
"http://flymotorsich.com",32227852,"ne"
"http://flymotorsich.com",15439343,"company"
"http://flymotorsich.com",40676540,"company"
"http://flymotorsich.com",39538622,"company"
"http://flymotorsich.com",29549959,"ne"
"http://fmg.ac",38482942,"company"
"http://fmg.ac",36606873,"academia"
"http://fmg.ac",41166195,"company"
"http://fmg.ac",29549959,"company"
"http://fmg.ac",36596402,"company"
"http://fmg.ac",41630623,"academia"
"http://forums.comodo.com",38482942,"company"
"http://forums.comodo.com",36606873,"company"
"http://forums.comodo.com",41166195,"company"
"http://forums.comodo.com",29549959,"company"
"http://forums.comodo.com",36596402,"company"
"http://forums.comodo.com",39757852,"sp_source"
"http://forums.comodo.com",37004408,"company"
"http://freemind.sourceforge.net",35023525,"company"
"http://freemind.sourceforge.net",42021855,"sp_source"
"http://freemind.sourceforge.net",32227852,"company"
"http://freemind.sourceforge.net",15439343,"company"
"http://freemind.sourceforge.net",40676540,"company"
"http://freemind.sourceforge.net",39538622,"company"
"http://freemind.sourceforge.net",29549959,"company"
"http://ftp.debian-ports.org",32227852,"other"
"http://ftp.debian-ports.org",15439343,"company"
"http://ftp.debian-ports.org",39538622,"other"
"http://ftp.debian-ports.org",38482942,"other"
"http://ftp.debian-ports.org",36606873,"other"
"http://genealogy.az.gov",22245763,"company"
"http://genealogy.az.gov",41189648,"govt"
"http://genealogy.az.gov",38527054,"govt"
"http://genealogy.az.gov",21353389,"govt"
"http://genealogy.az.gov",30286087,"govt"
"http://geonames.usgs.gov",41830537,"govt"
"http://geonames.usgs.gov",36126653,"govt"
"http://geonames.usgs.gov",42021855,"govt"
"http://geonames.usgs.gov",40289526,"govt"
"http://geonames.usgs.gov",39538622,"govt"
"http://github.com",42404850,"company"
"http://github.com",11003055,"company"
"http://github.com",36126653,"news"
"http://github.com",34630521,"company"
"http://github.com",41830537,"company"
"http://github.com",40289526,"company"
"http://github.com",42021855,"company"
"http://github.com",35023525,"company"
"http://github.com",32227852,"company"
"http://groups.google.com",41830537,"company"
"http://groups.google.com",36126653,"news"
"http://groups.google.com",40289526,"company"
"http://groups.google.com",35023525,"company"
"http://groups.google.com",15439343,"company"
"http://groups.google.com",39538622,"company"
"http://hansard.millbanksystems.com",32227852,"company"
"http://hansard.millbanksystems.com",15439343,"govt"
"http://hansard.millbanksystems.com",39538622,"company"
"http://hansard.millbanksystems.com",38482942,"company"
"http://hansard.millbanksystems.com",36606873,"company"
"http://homepage.usask.ca",15439343,"company"
"http://homepage.usask.ca",38482942,"other"
"http://homepage.usask.ca",41166195,"company"
"http://homepage.usask.ca",36606873,"company"
"http://homepage.usask.ca",36596402,"academia"
"http://homepage.usask.ca",41630623,"academia"
"http://iba-world.com",35023525,"company"
"http://iba-world.com",42021855,"company"
"http://iba-world.com",32227852,"company"
"http://iba-world.com",15439343,"company"
"http://iba-world.com",40676540,"company"
"http://iba-world.com",39538622,"company"
"http://iba-world.com",29549959,"company"
"http://id.loc.gov",15439343,"company"
"http://id.loc.gov",38482942,"company"
"http://id.loc.gov",41166195,"company"
"http://id.loc.gov",36606873,"govt"
"http://id.loc.gov",36596402,"company"
"http://id.loc.gov",41630623,"academia"
"http://identifiers.org",41630623,"academia"
"http://identifiers.org",22245763,"company"
"http://identifiers.org",39757852,"company"
"http://identifiers.org",41189648,"academia"
"http://identifiers.org",38527054,"company"
"http://identifiers.org",38812803,"academia"
"http://independentlibraries.co.uk",22245763,"news"
"http://independentlibraries.co.uk",41189648,"govt"
"http://independentlibraries.co.uk",38527054,"company"
"http://independentlibraries.co.uk",21353389,"company"
"http://independentlibraries.co.uk",30286087,"company"
"http://instagram.com",41830537,"company"
"http://instagram.com",36126653,"sp_source"
"http://instagram.com",42021855,"company"
"http://instagram.com",40289526,"company"
"http://instagram.com",39538622,"company"
"http://itunes.apple.com",41166195,"company"
"http://itunes.apple.com",29549959,"company"
"http://itunes.apple.com",36596402,"company"
"http://itunes.apple.com",41630623,"company"
"http://itunes.apple.com",36401048,"company"
"http://itunes.apple.com",38012668,"company"
"http://itunes.apple.com",22245763,"company"
"http://itunes.apple.com",39757852,"company"
"http://itunes.apple.com",37004408,"company"
"http://killiefc.com",22245763,"company"
"http://killiefc.com",41189648,"company"
"http://killiefc.com",38527054,"company"
"http://killiefc.com",38588940,"company"
"http://killiefc.com",21353389,"company"
"http://lawandorder.wikia.com",38482942,"news"
"http://lawandorder.wikia.com",36606873,"company"
"http://lawandorder.wikia.com",41166195,"company"
"http://lawandorder.wikia.com",29549959,"company"
"http://lawandorder.wikia.com",36596402,"news"
"http://lawandorder.wikia.com",41630623,"company"
"http://leonocusto.blog66.fc2.com",41630623,"sp_source"
"http://leonocusto.blog66.fc2.com",22245763,"ne"
"http://leonocusto.blog66.fc2.com",39757852,"sp_source"
"http://leonocusto.blog66.fc2.com",41189648,"ne"
"http://leonocusto.blog66.fc2.com",38527054,"ne"
"http://leonocusto.blog66.fc2.com",38812803,"ne"
"http://library.la84.org",41630623,"company"
"http://library.la84.org",22245763,"academia"
"http://library.la84.org",39757852,"company"
"http://library.la84.org",41189648,"sp_source"
"http://library.la84.org",38527054,"company"
"http://library.la84.org",36725706,"company"
"http://library.leeds.ac.uk",41166195,"nw"
"http://library.leeds.ac.uk",29549959,"academia"
"http://library.leeds.ac.uk",36596402,"company"
"http://library.leeds.ac.uk",41630623,"academia"
"http://library.leeds.ac.uk",36401048,"academia"
"http://library.leeds.ac.uk",38012668,"academia"
"http://library.leeds.ac.uk",22245763,"academia"
"http://library.leeds.ac.uk",39757852,"academia"
"http://library.leeds.ac.uk",38896482,"company"
"http://lists.alioth.debian.org",41166195,"company"
"http://lists.alioth.debian.org",29549959,"company"
"http://lists.alioth.debian.org",36596402,"company"
"http://lists.alioth.debian.org",41630623,"company"
"http://lists.alioth.debian.org",36401048,"company"
"http://lists.alioth.debian.org",38012668,"company"
"http://lists.alioth.debian.org",22245763,"company"
"http://lists.alioth.debian.org",39757852,"company"
"http://lists.alioth.debian.org",38812803,"sp_source"
"http://lists.claws-mail.org",15439343,"company"
"http://lists.claws-mail.org",38482942,"other"
"http://lists.claws-mail.org",41166195,"company"
"http://lists.claws-mail.org",36606873,"other"
"http://lists.claws-mail.org",36596402,"nw"
"http://lists.claws-mail.org",41630623,"nw"
"http://lists.freebsd.org",41189648,"sp_source"
"http://lists.freebsd.org",38527054,"company"
"http://lists.freebsd.org",38588940,"company"
"http://lists.freebsd.org",36019136,"company"
"http://lists.freebsd.org",21353389,"sp_source"
"http://lists.netfilter.org",15439343,"company"
"http://lists.netfilter.org",38482942,"company"
"http://lists.netfilter.org",41166195,"company"
"http://lists.netfilter.org",36606873,"company"
"http://lists.netfilter.org",36596402,"company"
"http://lists.netfilter.org",41630623,"company"
"http://lists.nongnu.org",41166195,"company"
"http://lists.nongnu.org",29549959,"company"
"http://lists.nongnu.org",36596402,"company"
"http://lists.nongnu.org",41630623,"company"
"http://lists.nongnu.org",36401048,"company"
"http://lists.nongnu.org",38012668,"company"
"http://lists.nongnu.org",22245763,"company"
"http://lists.nongnu.org",39757852,"company"
"http://lists.nongnu.org",38812803,"company"
"http://lists.torproject.org",41189648,"sp_source"
"http://lists.torproject.org",38527054,"company"
"http://lists.torproject.org",38588940,"company"
"http://lists.torproject.org",36019136,"company"
"http://lists.torproject.org",21353389,"sp_source"
"http://m.timesofindia.com",41630623,"news"
"http://m.timesofindia.com",22245763,"news"
"http://m.timesofindia.com",39757852,"news"
"http://m.timesofindia.com",41189648,"news"
"http://m.timesofindia.com",38527054,"news"
"http://m.timesofindia.com",38812803,"news"
"http://mail-archives.apache.org",38588940,"company"
"http://mail-archives.apache.org",36019136,"company"
"http://mail-archives.apache.org",41399716,"nw"
"http://mail-archives.apache.org",21353389,"sp_source"
"http://mail-archives.apache.org",30286087,"company"
"http://mail-archives.apache.org",30128662,"company"
"http://moma.org",22245763,"company"
"http://moma.org",41189648,"govt"
"http://moma.org",38527054,"company"
"http://moma.org",21353389,"company"
"http://moma.org",30286087,"company"
"http://movie-locations.com",41830537,"company"
"http://movie-locations.com",36126653,"news"
"http://movie-locations.com",42021855,"sp_source"
"http://movie-locations.com",40289526,"news"
"http://movie-locations.com",39538622,"company"
"http://movieweb.com",35023525,"news"
"http://movieweb.com",42021855,"company"
"http://movieweb.com",32227852,"news"
"http://movieweb.com",15439343,"news"
"http://movieweb.com",40676540,"news"
"http://movieweb.com",39538622,"news"
"http://movieweb.com",29549959,"company"
"http://mpse.org",22245763,"news"
"http://mpse.org",41189648,"academia"
"http://mpse.org",38527054,"company"
"http://mpse.org",21353389,"company"
"http://mpse.org",30286087,"academia"
"http://museedelaresistanceenligne.org",38588940,"company"
"http://museedelaresistanceenligne.org",36019136,"ne"
"http://museedelaresistanceenligne.org",41399716,"ne"
"http://museedelaresistanceenligne.org",21353389,"ne"
"http://museedelaresistanceenligne.org",30286087,"ne"
"http://museedelaresistanceenligne.org",30128662,"ne"
"http://nablus.org",22245763,"ne"
"http://nablus.org",41189648,"ne"
"http://nablus.org",38527054,"ne"
"http://nablus.org",21353389,"govt"
"http://nablus.org",30286087,"govt"
"http://new.liveauctioneers.com",41830537,"company"
"http://new.liveauctioneers.com",36126653,"company"
"http://new.liveauctioneers.com",42021855,"company"
"http://new.liveauctioneers.com",40289526,"news"
"http://new.liveauctioneers.com",39538622,"company"
"http://newspapers.library.wales",42404850,"govt"
"http://newspapers.library.wales",11003055,"news"
"http://newspapers.library.wales",36126653,"news"
"http://newspapers.library.wales",34630521,"news"
"http://newspapers.library.wales",41830537,"company"
"http://newspapers.library.wales",40289526,"news"
"http://newspapers.library.wales",42021855,"company"
"http://newspapers.library.wales",35023525,"company"
"http://newspapers.library.wales",32227852,"news"
"http://olat.org",41189648,"academia"
"http://olat.org",38527054,"company"
"http://olat.org",38588940,"academia"
"http://olat.org",36019136,"academia"
"http://olat.org",21353389,"company"
"http://online.wsj.com",22245763,"news"
"http://online.wsj.com",41189648,"news"
"http://online.wsj.com",38527054,"news"
"http://online.wsj.com",38588940,"news"
"http://online.wsj.com",21353389,"news"
"http://oxfordindex.oup.com",42404850,"news"
"http://oxfordindex.oup.com",11003055,"company"
"http://oxfordindex.oup.com",36126653,"academia"
"http://oxfordindex.oup.com",34630521,"academia"
"http://oxfordindex.oup.com",41830537,"company"
"http://oxfordindex.oup.com",40289526,"academia"
"http://oxfordindex.oup.com",42021855,"academia"
"http://oxfordindex.oup.com",35023525,"academia"
"http://oxfordindex.oup.com",32227852,"academia"
"http://phoronix.com",41830537,"company"
"http://phoronix.com",36126653,"news"
"http://phoronix.com",40289526,"company"
"http://phoronix.com",35023525,"news"
"http://phoronix.com",15439343,"company"
"http://phoronix.com",39538622,"company"
"http://planetarynames.wr.usgs.gov",41830537,"academia"
"http://planetarynames.wr.usgs.gov",36126653,"govt"
"http://planetarynames.wr.usgs.gov",40289526,"company"
"http://planetarynames.wr.usgs.gov",35023525,"academia"
"http://planetarynames.wr.usgs.gov",15439343,"academia"
"http://planetarynames.wr.usgs.gov",39538622,"academia"
"http://pubchem.ncbi.nlm.nih.gov",32227852,"govt"
"http://pubchem.ncbi.nlm.nih.gov",15439343,"company"
"http://pubchem.ncbi.nlm.nih.gov",39538622,"academia"
"http://pubchem.ncbi.nlm.nih.gov",38482942,"academia"
"http://pubchem.ncbi.nlm.nih.gov",36606873,"academia"
"http://puppet.com",22245763,"company"
"http://puppet.com",41189648,"company"
"http://puppet.com",38527054,"company"
"http://puppet.com",38588940,"company"
"http://puppet.com",21353389,"company"
"http://quickfacts.census.gov",41166195,"nw"
"http://quickfacts.census.gov",29549959,"nw"
"http://quickfacts.census.gov",36596402,"nw"
"http://quickfacts.census.gov",41630623,"nw"
"http://quickfacts.census.gov",36401048,"nw"
"http://quickfacts.census.gov",38012668,"nw"
"http://quickfacts.census.gov",22245763,"nw"
"http://quickfacts.census.gov",39757852,"nw"
"http://quickfacts.census.gov",38812803,"nw"
"http://ratings.fide.com",15439343,"company"
"http://ratings.fide.com",38482942,"company"
"http://ratings.fide.com",41166195,"company"
"http://ratings.fide.com",36606873,"company"
"http://ratings.fide.com",36596402,"company"
"http://ratings.fide.com",41630623,"academia"
"http://runeberg.org",35023525,"academia"
"http://runeberg.org",42021855,"sp_source"
"http://runeberg.org",32227852,"ne"
"http://runeberg.org",15439343,"company"
"http://runeberg.org",40676540,"company"
"http://runeberg.org",39538622,"company"
"http://runeberg.org",29549959,"academia"
"http://sites.asiasociety.org",41630623,"company"
"http://sites.asiasociety.org",22245763,"company"
"http://sites.asiasociety.org",39757852,"company"
"http://sites.asiasociety.org",41189648,"govt"
"http://sites.asiasociety.org",38527054,"news"
"http://sites.asiasociety.org",38812803,"news"
"http://sourceforge.net",38482942,"company"
"http://sourceforge.net",36606873,"company"
"http://sourceforge.net",41166195,"company"
"http://sourceforge.net",29549959,"company"
"http://sourceforge.net",36596402,"company"
"http://sourceforge.net",39757852,"sp_source"
"http://sourceforge.net",42355492,"company"
"http://spamassassin.apache.org",41830537,"company"
"http://spamassassin.apache.org",36126653,"company"
"http://spamassassin.apache.org",40289526,"company"
"http://spamassassin.apache.org",35023525,"company"
"http://spamassassin.apache.org",15439343,"company"
"http://spamassassin.apache.org",39538622,"company"
"http://specialcollections.le.ac.uk",22245763,"academia"
"http://specialcollections.le.ac.uk",41189648,"academia"
"http://specialcollections.le.ac.uk",38527054,"company"
"http://specialcollections.le.ac.uk",38588940,"academia"
"http://specialcollections.le.ac.uk",21353389,"company"
"http://speedskatingstats.com",41630623,"company"
"http://speedskatingstats.com",22245763,"company"
"http://speedskatingstats.com",39757852,"sp_source"
"http://speedskatingstats.com",41189648,"company"
"http://speedskatingstats.com",38527054,"company"
"http://speedskatingstats.com",38812803,"sp_source"
"http://splitsider.com",41830537,"news"
"http://splitsider.com",36126653,"news"
"http://splitsider.com",42021855,"news"
"http://splitsider.com",40289526,"news"
"http://splitsider.com",32227852,"news"
"http://sports.yahoo.com",41830537,"news"
"http://sports.yahoo.com",36126653,"news"
"http://sports.yahoo.com",40289526,"news"
"http://sports.yahoo.com",35023525,"news"
"http://sports.yahoo.com",15439343,"news"
"http://sports.yahoo.com",39538622,"news"
"http://support.google.com",32227852,"company"
"http://support.google.com",15439343,"company"
"http://support.google.com",39538622,"company"
"http://support.google.com",38482942,"company"
"http://support.google.com",36606873,"company"
"http://thebloxwichtelegraph.com",42404850,"news"
"http://thebloxwichtelegraph.com",11003055,"news"
"http://thebloxwichtelegraph.com",36126653,"news"
"http://thebloxwichtelegraph.com",34630521,"news"
"http://thebloxwichtelegraph.com",41830537,"news"
"http://thebloxwichtelegraph.com",40289526,"company"
"http://thebloxwichtelegraph.com",42021855,"news"
"http://thebloxwichtelegraph.com",35023525,"news"
"http://thebloxwichtelegraph.com",32227852,"news"
"http://thedancingrest.com",41830537,"sp_source"
"http://thedancingrest.com",36126653,"news"
"http://thedancingrest.com",40289526,"news"
"http://thedancingrest.com",35023525,"company"
"http://thedancingrest.com",15439343,"sp_source"
"http://thedancingrest.com",39538622,"sp_source"
"http://tools.ietf.org",41830537,"company"
"http://tools.ietf.org",36126653,"company"
"http://tools.ietf.org",42021855,"other"
"http://tools.ietf.org",40289526,"academia"
"http://tools.ietf.org",39538622,"company"
"http://twitter.com",35023525,"company"
"http://twitter.com",42021855,"company"
"http://twitter.com",32227852,"company"
"http://twitter.com",15439343,"company"
"http://twitter.com",40676540,"news"
"http://twitter.com",39538622,"company"
"http://twitter.com",29549959,"company"
"http://uk.soccerway.com",38470591,"news"
"http://uk.soccerway.com",42274879,"company"
"http://uk.soccerway.com",42155896,"news"
"http://uk.soccerway.com",28012625,"company"
"http://uk.soccerway.com",40263699,"company"
"http://uk.soccerway.com",32692232,"company"
"http://viaf.org",41364530,"company"
"http://viaf.org",24920185,"company"
"http://viaf.org",38762820,"ne"
"http://viaf.org",39347158,"academia"
"http://viaf.org",34144126,"company"
"http://viaf.org",36621052,"company"
"http://vimeo.com",28012625,"company"
"http://vimeo.com",40263699,"company"
"http://vimeo.com",38911211,"news"
"http://vimeo.com",32692232,"company"
"http://vimeo.com",40335604,"company"
"http://vimeo.com",39759039,"company"
"http://vocab.getty.edu",38354683,"academia"
"http://vocab.getty.edu",37004408,"academia"
"http://vocab.getty.edu",38896482,"company"
"http://vocab.getty.edu",38812803,"academia"
"http://vocab.getty.edu",31001292,"academia"
"http://wbo.llgc.org.uk",42355492,"company"
"http://wbo.llgc.org.uk",38427455,"company"
"http://wbo.llgc.org.uk",28375885,"company"
"http://wbo.llgc.org.uk",38354683,"ne"
"http://wbo.llgc.org.uk",37004408,"academia"
"http://wbo.llgc.org.uk",38896482,"ne"
"http://web.archive.org",39759039,"company"
"http://web.archive.org",35271549,"company"
"http://web.archive.org",39499917,"company"
"http://web.archive.org",42405769,"company"
"http://web.archive.org",40004501,"sp_source"
"http://welt-der-form.net",41364530,"ne"
"http://welt-der-form.net",24920185,"company"
"http://welt-der-form.net",32417589,"ne"
"http://welt-der-form.net",39347158,"sp_source"
"http://welt-der-form.net",36621052,"ne"
"http://welt-der-form.net",32655193,"ne"
"http://whc.unesco.org",38588940,"govt"
"http://whc.unesco.org",38470591,"govt"
"http://whc.unesco.org",42155896,"govt"
"http://whc.unesco.org",30286087,"company"
"http://whc.unesco.org",42274879,"academia"
"http://www.4shared.com",34240529,"company"
"http://www.4shared.com",41364530,"news"
"http://www.4shared.com",38762820,"company"
"http://www.4shared.com",24920185,"news"
"http://www.4shared.com",39347158,"company"
"http://www.4shared.com",34144126,"company"
"http://www.aada.edu",18526351,"academia"
"http://www.aada.edu",42355492,"academia"
"http://www.aada.edu",38427455,"company"
"http://www.aada.edu",26854674,"academia"
"http://www.aada.edu",41866146,"company"
"http://www.aada.edu",38354683,"academia"
"http://www.allmusic.com",18526351,"news"
"http://www.allmusic.com",42355492,"company"
"http://www.allmusic.com",38427455,"news"
"http://www.allmusic.com",26854674,"company"
"http://www.allmusic.com",41866146,"company"
"http://www.allmusic.com",38354683,"company"
"http://www.ambafrance-tr.org",34240529,"company"
"http://www.ambafrance-tr.org",41364530,"govt"
"http://www.ambafrance-tr.org",38762820,"ne"
"http://www.ambafrance-tr.org",24920185,"ne"
"http://www.ambafrance-tr.org",39347158,"govt"
"http://www.ambafrance-tr.org",34144126,"ne"
"http://www.annualreviews.org",32108646,"news"
"http://www.annualreviews.org",42543391,"company"
"http://www.annualreviews.org",34240529,"company"
"http://www.annualreviews.org",38762820,"company"
"http://www.annualreviews.org",41831526,"company"
"http://www.annualreviews.org",34144126,"company"
"http://www.arabianbusiness.com",42355492,"news"
"http://www.arabianbusiness.com",38427455,"news"
"http://www.arabianbusiness.com",41866146,"news"
"http://www.arabianbusiness.com",31983808,"news"
"http://www.arabianbusiness.com",42226985,"news"
"http://www.arabianbusiness.com",38354683,"news"
"http://www.arabianbusiness.com",37004408,"news"
"http://www.archive.org",37004408,"company"
"http://www.archive.org",38896482,"company"
"http://www.archive.org",38812803,"company"
"http://www.archive.org",36725706,"sp_source"
"http://www.archive.org",31001292,"company"
"http://www.archlinux.org",39499917,"company"
"http://www.archlinux.org",42405769,"company"
"http://www.archlinux.org",40004501,"sp_source"
"http://www.archlinux.org",18526351,"company"
"http://www.archlinux.org",42355492,"company"
"http://www.artistdirect.com",42405769,"news"
"http://www.artistdirect.com",40004501,"sp_source"
"http://www.artistdirect.com",18526351,"news"
"http://www.artistdirect.com",41866146,"company"
"http://www.artistdirect.com",38427455,"news"
"http://www.artsjournal.com",38427455,"news"
"http://www.artsjournal.com",28375885,"news"
"http://www.artsjournal.com",38354683,"sp_source"
"http://www.artsjournal.com",37004408,"news"
"http://www.artsjournal.com",38896482,"news"
"http://www.artsjournal.com",31001292,"news"
"http://www.audacityteam.org",36019136,"company"
"http://www.audacityteam.org",38470591,"company"
"http://www.audacityteam.org",42274879,"company"
"http://www.audacityteam.org",42155896,"company"
"http://www.audacityteam.org",37636971,"company"
"http://www.audacityteam.org",38713068,"company"
"http://www.audacityteam.org",38911211,"company"
"http://www.badmintonlink.com",42543391,"company"
"http://www.badmintonlink.com",40074281,"news"
"http://www.badmintonlink.com",40279599,"sp_source"
"http://www.badmintonlink.com",41364530,"ne"
"http://www.badmintonlink.com",38762820,"ne"
"http://www.badmintonlink.com",41841779,"news"
"http://www.badmintonlink.com",41831526,"ne"
"http://www.badmintonlink.com",34144126,"company"
"http://www.bbc.co.uk",42405769,"news"
"http://www.bbc.co.uk",40004501,"news"
"http://www.bbc.co.uk",18526351,"news"
"http://www.bbc.co.uk",41866146,"news"
"http://www.bbc.co.uk",38427455,"news"
"http://www.billgladstone.ca",32108646,"news"
"http://www.billgladstone.ca",42543391,"sp_source"
"http://www.billgladstone.ca",40074281,"company"
"http://www.billgladstone.ca",41364530,"sp_source"
"http://www.billgladstone.ca",38762820,"sp_source"
"http://www.bindingdb.org",42355492,"academia"
"http://www.bindingdb.org",38427455,"academia"
"http://www.bindingdb.org",41866146,"academia"
"http://www.bindingdb.org",31983808,"company"
"http://www.bindingdb.org",42226985,"academia"
"http://www.bindingdb.org",38354683,"academia"
"http://www.bindingdb.org",37004408,"academia"
"http://www.bizjournals.com",38588940,"news"
"http://www.bizjournals.com",38470591,"news"
"http://www.bizjournals.com",42155896,"news"
"http://www.bizjournals.com",30286087,"news"
"http://www.bizjournals.com",42274879,"news"
"http://www.blackfilm.com",36725706,"company"
"http://www.blackfilm.com",31001292,"company"
"http://www.blackfilm.com",38273134,"news"
"http://www.blackfilm.com",42543391,"company"
"http://www.blackfilm.com",32417589,"company"
"http://www.blackfilm.com",32108646,"news"
"http://www.blakeschool.org",32108646,"other"
"http://www.blakeschool.org",42543391,"company"
"http://www.blakeschool.org",40074281,"academia"
"http://www.blakeschool.org",38762820,"academia"
"http://www.blakeschool.org",41831526,"academia"
"http://www.blakeschool.org",34144126,"academia"
"http://www.blend4web.com",28012625,"company"
"http://www.blend4web.com",40263699,"company"
"http://www.blend4web.com",38911211,"company"
"http://www.blend4web.com",32692232,"company"
"http://www.blend4web.com",40335604,"company"
"http://www.blend4web.com",39759039,"company"
"http://www.boxofficemojo.com",32108646,"company"
"http://www.boxofficemojo.com",42543391,"news"
"http://www.boxofficemojo.com",34240529,"company"
"http://www.boxofficemojo.com",38762820,"company"
"http://www.boxofficemojo.com",41831526,"nw"
"http://www.boxofficemojo.com",34144126,"company"
"http://www.bristol.ac.uk",39759039,"academia"
"http://www.bristol.ac.uk",40335604,"academia"
"http://www.bristol.ac.uk",36374994,"academia"
"http://www.bristol.ac.uk",35271549,"academia"
"http://www.bristol.ac.uk",39499917,"academia"
"http://www.bristol.ac.uk",41866146,"academia"
"http://www.britannica.com",38354683,"company"
"http://www.britannica.com",37004408,"academia"
"http://www.britannica.com",38896482,"company"
"http://www.britannica.com",38812803,"company"
"http://www.britannica.com",31001292,"academia"
"http://www.britishlistedbuildings.co.uk",42355492,"company"
"http://www.britishlistedbuildings.co.uk",38427455,"company"
"http://www.britishlistedbuildings.co.uk",28375885,"sp_source"
"http://www.britishlistedbuildings.co.uk",38354683,"company"
"http://www.britishlistedbuildings.co.uk",37004408,"company"
"http://www.britishlistedbuildings.co.uk",38896482,"company"
"http://www.britishmuseum.org",28012625,"company"
"http://www.britishmuseum.org",40263699,"company"
"http://www.britishmuseum.org",38911211,"company"
"http://www.britishmuseum.org",32692232,"company"
"http://www.britishmuseum.org",40335604,"company"
"http://www.britishmuseum.org",39759039,"company"
"http://www.brooklynmuseum.org",42355492,"company"
"http://www.brooklynmuseum.org",38427455,"company"
"http://www.brooklynmuseum.org",41866146,"company"
"http://www.brooklynmuseum.org",31983808,"company"
"http://www.brooklynmuseum.org",42226985,"company"
"http://www.brooklynmuseum.org",38354683,"company"
"http://www.brooklynmuseum.org",37004408,"company"
"http://www.bvbinfo.com",36725706,"company"
"http://www.bvbinfo.com",38273134,"company"
"http://www.bvbinfo.com",42543391,"sp_source"
"http://www.bvbinfo.com",32417589,"sp_source"
"http://www.bvbinfo.com",32108646,"company"
"http://www.bvbinfo.com",40074281,"company"
"http://www.canada.com",35271549,"news"
"http://www.canada.com",39499917,"news"
"http://www.canada.com",42405769,"news"
"http://www.canada.com",40004501,"news"
"http://www.canada.com",18526351,"news"
"http://www.catholic-hierarchy.org",36019136,"company"
"http://www.catholic-hierarchy.org",38470591,"company"
"http://www.catholic-hierarchy.org",42274879,"company"
"http://www.catholic-hierarchy.org",42155896,"sp_source"
"http://www.catholic-hierarchy.org",37636971,"company"
"http://www.catholic-hierarchy.org",38713068,"sp_source"
"http://www.catholic-hierarchy.org",38911211,"company"
"http://www.cb300.com",28012625,"company"
"http://www.cb300.com",40263699,"company"
"http://www.cb300.com",38911211,"company"
"http://www.cb300.com",32692232,"company"
"http://www.cb300.com",40335604,"company"
"http://www.cb300.com",35271549,"company"
"http://www.cdbaby.com",24920185,"company"
"http://www.cdbaby.com",32417589,"company"
"http://www.cdbaby.com",39347158,"company"
"http://www.cdbaby.com",36621052,"company"
"http://www.cdbaby.com",32655193,"company"
"http://www.cdbaby.com",36257971,"company"
"http://www.census.gov",42405769,"govt"
"http://www.census.gov",40004501,"govt"
"http://www.census.gov",18526351,"govt"
"http://www.census.gov",41866146,"govt"
"http://www.census.gov",38427455,"govt"
"http://www.ciaaw.org",42405769,"academia"
"http://www.ciaaw.org",40004501,"company"
"http://www.ciaaw.org",18526351,"academia"
"http://www.ciaaw.org",41866146,"academia"
"http://www.ciaaw.org",38427455,"academia"
"http://www.cineplex.com",38427455,"news"
"http://www.cineplex.com",28375885,"company"
"http://www.cineplex.com",38354683,"company"
"http://www.cineplex.com",37004408,"company"
"http://www.cineplex.com",38896482,"news"
"http://www.cineplex.com",31001292,"company"
"http://www.clsp.jhu.edu",28012625,"academia"
"http://www.clsp.jhu.edu",40263699,"academia"
"http://www.clsp.jhu.edu",38911211,"academia"
"http://www.clsp.jhu.edu",32692232,"academia"
"http://www.clsp.jhu.edu",40335604,"academia"
"http://www.clsp.jhu.edu",39759039,"academia"
"http://www.coolantarctica.com",34240529,"sp_source"
"http://www.coolantarctica.com",40883816,"sp_source"
"http://www.coolantarctica.com",41364530,"other"
"http://www.coolantarctica.com",38762820,"sp_source"
"http://www.coolantarctica.com",24920185,"sp_source"
"http://www.coolantarctica.com",39347158,"sp_source"
"http://www.coolantarctica.com",34144126,"company"
"http://www.crawltrack.net",35271549,"company"
"http://www.crawltrack.net",39499917,"company"
"http://www.crawltrack.net",42405769,"company"
"http://www.crawltrack.net",40004501,"sp_source"
"http://www.crawltrack.net",18526351,"company"
"http://www.crunchbase.com",36019136,"company"
"http://www.crunchbase.com",39757852,"company"
"http://www.crunchbase.com",38470591,"company"
"http://www.crunchbase.com",42274879,"company"
"http://www.crunchbase.com",42155896,"company"
"http://www.crunchbase.com",30286087,"company"
"http://www.culturalheritage.gov.mt",36725706,"govt"
"http://www.culturalheritage.gov.mt",38273134,"company"
"http://www.culturalheritage.gov.mt",42543391,"govt"
"http://www.culturalheritage.gov.mt",32417589,"company"
"http://www.culturalheritage.gov.mt",32108646,"company"
"http://www.culturalheritage.gov.mt",40074281,"govt"
"http://www.dbnl.org",36725706,"ne"
"http://www.dbnl.org",31001292,"company"
"http://www.dbnl.org",38273134,"company"
"http://www.dbnl.org",32108646,"ne"
"http://www.dbnl.org",42543391,"company"
"http://www.dbnl.org",34240529,"ne"
"http://www.debian.org",35271549,"sp_source"
"http://www.debian.org",39499917,"company"
"http://www.debian.org",42405769,"company"
"http://www.debian.org",40004501,"company"
"http://www.debian.org",18526351,"company"
"http://www.demotix.com",41364530,"news"
"http://www.demotix.com",24920185,"nw"
"http://www.demotix.com",38762820,"nw"
"http://www.demotix.com",39347158,"company"
"http://www.demotix.com",34144126,"nw"
"http://www.demotix.com",36621052,"nw"
"http://www.dnw.co.uk",34240529,"company"
"http://www.dnw.co.uk",40074281,"company"
"http://www.dnw.co.uk",40279599,"company"
"http://www.dnw.co.uk",41364530,"company"
"http://www.dnw.co.uk",38762820,"company"
"http://www.dnw.co.uk",41841779,"company"
"http://www.dnw.co.uk",39347158,"company"
"http://www.dubaicityguide.com",40074281,"news"
"http://www.dubaicityguide.com",34240529,"company"
"http://www.dubaicityguide.com",40279599,"news"
"http://www.dubaicityguide.com",41364530,"news"
"http://www.dubaicityguide.com",38762820,"company"
"http://www.dubaicityguide.com",41841779,"news"
"http://www.dubaicityguide.com",41831526,"sp_source"
"http://www.dubaicityguide.com",34144126,"company"
"http://www.e-yearbook.com",38588940,"company"
"http://www.e-yearbook.com",38470591,"company"
"http://www.e-yearbook.com",42155896,"news"
"http://www.e-yearbook.com",30286087,"company"
"http://www.e-yearbook.com",42274879,"company"
"http://www.edanhughes.com",39759039,"sp_source"
"http://www.edanhughes.com",40335604,"sp_source"
"http://www.edanhughes.com",36374994,"sp_source"
"http://www.edanhughes.com",35271549,"sp_source"
"http://www.edanhughes.com",39499917,"company"
"http://www.edanhughes.com",41866146,"sp_source"
"http://www.enciclopedia-aragonesa.com",42355492,"ne"
"http://www.enciclopedia-aragonesa.com",38427455,"news"
"http://www.enciclopedia-aragonesa.com",41866146,"ne"
"http://www.enciclopedia-aragonesa.com",31983808,"academia"
"http://www.enciclopedia-aragonesa.com",42226985,"ne"
"http://www.enciclopedia-aragonesa.com",38354683,"company"
"http://www.enciclopedia-aragonesa.com",37004408,"academia"
"http://www.entente-ee.com",38470591,"company"
"http://www.entente-ee.com",42274879,"company"
"http://www.entente-ee.com",42155896,"company"
"http://www.entente-ee.com",28012625,"company"
"http://www.entente-ee.com",40263699,"company"
"http://www.entente-ee.com",32692232,"company"
"http://www.esrb.org",32108646,"company"
"http://www.esrb.org",42543391,"govt"
"http://www.esrb.org",40074281,"company"
"http://www.esrb.org",38762820,"company"
"http://www.esrb.org",41831526,"company"
"http://www.esrb.org",34144126,"company"
"http://www.eurodressage.com",28012625,"news"
"http://www.eurodressage.com",40263699,"company"
"http://www.eurodressage.com",38911211,"news"
"http://www.eurodressage.com",32692232,"news"
"http://www.eurodressage.com",40335604,"company"
"http://www.eurodressage.com",39759039,"news"
"http://www.eurohandball.com",41364530,"company"
"http://www.eurohandball.com",24920185,"company"
"http://www.eurohandball.com",32417589,"company"
"http://www.eurohandball.com",39347158,"govt"
"http://www.eurohandball.com",36621052,"sp_source"
"http://www.eurohandball.com",32655193,"govt"
"http://www.europarl.europa.eu",36725706,"govt"
"http://www.europarl.europa.eu",38273134,"govt"
"http://www.europarl.europa.eu",42543391,"govt"
"http://www.europarl.europa.eu",32417589,"govt"
"http://www.europarl.europa.eu",32108646,"govt"
"http://www.europarl.europa.eu",40074281,"govt"
"http://www.fifthharmonyofficial.com",39759039,"other"
"http://www.fifthharmonyofficial.com",35271549,"sp_source"
"http://www.fifthharmonyofficial.com",39499917,"company"
"http://www.fifthharmonyofficial.com",42405769,"news"
"http://www.fifthharmonyofficial.com",40004501,"company"
"http://www.filmovizija.com",24920185,"company"
"http://www.filmovizija.com",32417589,"nw"
"http://www.filmovizija.com",39347158,"company"
"http://www.filmovizija.com",36621052,"nw"
"http://www.filmovizija.com",32655193,"company"
"http://www.filmovizija.com",36257971,"company"
"http://www.filmreference.com",39499917,"company"
"http://www.filmreference.com",42405769,"news"
"http://www.filmreference.com",40004501,"sp_source"
"http://www.filmreference.com",18526351,"news"
"http://www.filmreference.com",42355492,"company"
"http://www.fivb.org",39759039,"company"
"http://www.fivb.org",35271549,"company"
"http://www.fivb.org",39499917,"company"
"http://www.fivb.org",42405769,"company"
"http://www.fivb.org",40004501,"news"
"http://www.fromages-aop.com",36019136,"ne"
"http://www.fromages-aop.com",38470591,"ne"
"http://www.fromages-aop.com",42274879,"ne"
"http://www.fromages-aop.com",42155896,"govt"
"http://www.fromages-aop.com",37636971,"company"
"http://www.fromages-aop.com",38713068,"company"
"http://www.fromages-aop.com",38911211,"company"
"http://www.fundacionbancosantander.com",38588940,"company"
"http://www.fundacionbancosantander.com",38470591,"company"
"http://www.fundacionbancosantander.com",42155896,"company"
"http://www.fundacionbancosantander.com",30286087,"academia"
"http://www.fundacionbancosantander.com",42274879,"ne"
"http://www.futhead.com",37004408,"company"
"http://www.futhead.com",38896482,"company"
"http://www.futhead.com",38812803,"company"
"http://www.futhead.com",36725706,"company"
"http://www.futhead.com",38273134,"company"
"http://www.futhead.com",42543391,"company"
"http://www.gc-cup.com",28012625,"company"
"http://www.gc-cup.com",40263699,"company"
"http://www.gc-cup.com",38911211,"news"
"http://www.gc-cup.com",32692232,"company"
"http://www.gc-cup.com",40335604,"company"
"http://www.gc-cup.com",35271549,"company"
"http://www.genealogy.math.ndsu.nodak.edu",36019136,"academia"
"http://www.genealogy.math.ndsu.nodak.edu",38470591,"academia"
"http://www.genealogy.math.ndsu.nodak.edu",42274879,"academia"
"http://www.genealogy.math.ndsu.nodak.edu",42155896,"academia"
"http://www.genealogy.math.ndsu.nodak.edu",37636971,"academia"
"http://www.genealogy.math.ndsu.nodak.edu",38713068,"academia"
"http://www.genealogy.math.ndsu.nodak.edu",38911211,"academia"
"http://www.geni.com",36725706,"ne"
"http://www.geni.com",38273134,"company"
"http://www.geni.com",42543391,"company"
"http://www.geni.com",32417589,"company"
"http://www.geni.com",32108646,"ne"
"http://www.geni.com",40074281,"ne"
"http://www.genome.gov",34240529,"govt"
"http://www.genome.gov",40074281,"govt"
"http://www.genome.gov",40883816,"academia"
"http://www.genome.gov",41364530,"academia"
"http://www.genome.gov",24920185,"govt"
"http://www.genome.gov",39347158,"academia"
"http://www.genome.gov",34144126,"govt"
"http://www.geopostcodes.com",36725706,"company"
"http://www.geopostcodes.com",31001292,"company"
"http://www.geopostcodes.com",38273134,"company"
"http://www.geopostcodes.com",32417589,"company"
"http://www.geopostcodes.com",32108646,"company"
"http://www.geopostcodes.com",34240529,"company"
"http://www.getty.edu",36019136,"company"
"http://www.getty.edu",39757852,"academia"
"http://www.getty.edu",38470591,"company"
"http://www.getty.edu",42274879,"academia"
"http://www.getty.edu",42155896,"company"
"http://www.getty.edu",30286087,"company"
"http://www.gmv.com",34240529,"company"
"http://www.gmv.com",40883816,"company"
"http://www.gmv.com",41364530,"company"
"http://www.gmv.com",38762820,"company"
"http://www.gmv.com",24920185,"company"
"http://www.gmv.com",39347158,"company"
"http://www.gmv.com",34144126,"company"
"http://www.gracesguide.co.uk",36725706,"company"
"http://www.gracesguide.co.uk",31001292,"company"
"http://www.gracesguide.co.uk",38273134,"news"
"http://www.gracesguide.co.uk",32417589,"company"
"http://www.gracesguide.co.uk",32108646,"academia"
"http://www.gracesguide.co.uk",34240529,"company"
"http://www.guggenheim.org",32108646,"company"
"http://www.guggenheim.org",42543391,"company"
"http://www.guggenheim.org",34240529,"company"
"http://www.guggenheim.org",38762820,"company"
"http://www.guggenheim.org",41831526,"company"
"http://www.guggenheim.org",34144126,"company"
"http://www.hardcoregamer.com",41364530,"news"
"http://www.hardcoregamer.com",24920185,"company"
"http://www.hardcoregamer.com",38762820,"company"
"http://www.hardcoregamer.com",39347158,"news"
"http://www.hardcoregamer.com",34144126,"company"
"http://www.hardcoregamer.com",36621052,"sp_source"
"http://www.henry-moore.org",28012625,"company"
"http://www.henry-moore.org",40263699,"company"
"http://www.henry-moore.org",38911211,"company"
"http://www.henry-moore.org",32692232,"company"
"http://www.henry-moore.org",40335604,"company"
"http://www.henry-moore.org",35271549,"sp_source"
"http://www.hewlett.org",38812803,"company"
"http://www.hewlett.org",36725706,"company"
"http://www.hewlett.org",31001292,"company"
"http://www.hewlett.org",32417589,"company"
"http://www.hewlett.org",32108646,"company"
"http://www.historicengland.org.uk",42355492,"company"
"http://www.historicengland.org.uk",38427455,"company"
"http://www.historicengland.org.uk",28375885,"company"
"http://www.historicengland.org.uk",38354683,"govt"
"http://www.historicengland.org.uk",37004408,"company"
"http://www.historicengland.org.uk",38896482,"company"
"http://www.historyofparliamentonline.org",36019136,"news"
"http://www.historyofparliamentonline.org",39757852,"company"
"http://www.historyofparliamentonline.org",38470591,"company"
"http://www.historyofparliamentonline.org",42274879,"academia"
"http://www.historyofparliamentonline.org",42155896,"company"
"http://www.historyofparliamentonline.org",30286087,"academia"
"http://www.hmdb.ca",36019136,"company"
"http://www.hmdb.ca",39757852,"company"
"http://www.hmdb.ca",38470591,"company"
"http://www.hmdb.ca",42274879,"academia"
"http://www.hmdb.ca",42155896,"company"
"http://www.hmdb.ca",30286087,"academia"
"http://www.huffingtonpost.com",39759039,"news"
"http://www.huffingtonpost.com",35271549,"news"
"http://www.huffingtonpost.com",39499917,"news"
"http://www.huffingtonpost.com",42405769,"news"
"http://www.huffingtonpost.com",40004501,"news"
"http://www.icheckmovies.com",32108646,"sp_source"
"http://www.icheckmovies.com",42543391,"company"
"http://www.icheckmovies.com",40074281,"company"
"http://www.icheckmovies.com",41364530,"other"
"http://www.icheckmovies.com",38762820,"company"
"http://www.imaginenews.com",28012625,"news"
"http://www.imaginenews.com",40263699,"news"
"http://www.imaginenews.com",38911211,"news"
"http://www.imaginenews.com",32692232,"news"
"http://www.imaginenews.com",40335604,"news"
"http://www.imaginenews.com",35271549,"company"
"http://www.independent.co.uk",35271549,"news"
"http://www.independent.co.uk",39499917,"news"
"http://www.independent.co.uk",42405769,"news"
"http://www.independent.co.uk",40004501,"news"
"http://www.independent.co.uk",18526351,"news"
"http://www.infoplease.com",40074281,"company"
"http://www.infoplease.com",34240529,"company"
"http://www.infoplease.com",40279599,"news"
"http://www.infoplease.com",41364530,"news"
"http://www.infoplease.com",38762820,"company"
"http://www.infoplease.com",41841779,"company"
"http://www.infoplease.com",39347158,"company"
"http://www.instagram.com",35271549,"news"
"http://www.instagram.com",39499917,"company"
"http://www.instagram.com",42405769,"company"
"http://www.instagram.com",40004501,"company"
"http://www.instagram.com",18526351,"company"
"http://www.issf-sports.org",34240529,"company"
"http://www.issf-sports.org",40074281,"company"
"http://www.issf-sports.org",40883816,"company"
"http://www.issf-sports.org",41364530,"news"
"http://www.issf-sports.org",24920185,"company"
"http://www.issf-sports.org",39347158,"govt"
"http://www.issf-sports.org",34144126,"company"
"http://www.ittf.com",35271549,"news"
"http://www.ittf.com",39499917,"company"
"http://www.ittf.com",42405769,"company"
"http://www.ittf.com",40004501,"sp_source"
"http://www.ittf.com",18526351,"company"
"http://www.itu.int",24920185,"company"
"http://www.itu.int",32417589,"govt"
"http://www.itu.int",39347158,"govt"
"http://www.itu.int",34144126,"company"
"http://www.itu.int",36621052,"academia"
"http://www.itu.int",32655193,"govt"
"http://www.johnkcastle.com",39499917,"company"
"http://www.johnkcastle.com",42405769,"sp_source"
"http://www.johnkcastle.com",40004501,"sp_source"
"http://www.johnkcastle.com",18526351,"sp_source"
"http://www.johnkcastle.com",42355492,"sp_source"
"http://www.journals.elsevier.com",18526351,"company"
"http://www.journals.elsevier.com",42355492,"company"
"http://www.journals.elsevier.com",38427455,"academia"
"http://www.journals.elsevier.com",26854674,"academia"
"http://www.journals.elsevier.com",41866146,"company"
"http://www.journals.elsevier.com",38354683,"academia"
"http://www.jrrio.com",42355492,"company"
"http://www.jrrio.com",38427455,"sp_source"
"http://www.jrrio.com",41866146,"sp_source"
"http://www.jrrio.com",31983808,"company"
"http://www.jrrio.com",42226985,"sp_source"
"http://www.jrrio.com",38354683,"sp_source"
"http://www.jrrio.com",37004408,"company"
"http://www.judoinside.com",38470591,"news"
"http://www.judoinside.com",42274879,"company"
"http://www.judoinside.com",42155896,"company"
"http://www.judoinside.com",28012625,"news"
"http://www.judoinside.com",40263699,"news"
"http://www.judoinside.com",32692232,"news"
"http://www.jukely.com",18526351,"news"
"http://www.jukely.com",42355492,"company"
"http://www.jukely.com",38427455,"company"
"http://www.jukely.com",26854674,"company"
"http://www.jukely.com",41866146,"company"
"http://www.jukely.com",38354683,"company"
"http://www.kde.org",38588940,"company"
"http://www.kde.org",38470591,"company"
"http://www.kde.org",42155896,"company"
"http://www.kde.org",30286087,"company"
"http://www.kde.org",42274879,"company"
"http://www.khronos.org",36019136,"company"
"http://www.khronos.org",38470591,"news"
"http://www.khronos.org",42274879,"company"
"http://www.khronos.org",42155896,"company"
"http://www.khronos.org",37636971,"company"
"http://www.khronos.org",38713068,"company"
"http://www.khronos.org",38911211,"company"
"http://www.laquadrature.net",38354683,"company"
"http://www.laquadrature.net",37004408,"company"
"http://www.laquadrature.net",38896482,"company"
"http://www.laquadrature.net",38812803,"news"
"http://www.laquadrature.net",31001292,"company"
"http://www.legacy.com",37004408,"company"
"http://www.legacy.com",38896482,"news"
"http://www.legacy.com",38812803,"news"
"http://www.legacy.com",36725706,"news"
"http://www.legacy.com",31001292,"company"
"http://www.leparcorama.com",36725706,"sp_source"
"http://www.leparcorama.com",31001292,"sp_source"
"http://www.leparcorama.com",38273134,"company"
"http://www.leparcorama.com",32108646,"sp_source"
"http://www.leparcorama.com",42543391,"sp_source"
"http://www.leparcorama.com",34240529,"sp_source"
"http://www.leshommessansepaules.com",32417589,"ne"
"http://www.leshommessansepaules.com",32108646,"ne"
"http://www.leshommessansepaules.com",42543391,"company"
"http://www.leshommessansepaules.com",34240529,"other"
"http://www.leshommessansepaules.com",40074281,"ne"
"http://www.liferay.com",32417589,"company"
"http://www.liferay.com",32108646,"company"
"http://www.liferay.com",42543391,"company"
"http://www.liferay.com",34240529,"company"
"http://www.liferay.com",38762820,"company"
"http://www.livius.org",39759039,"sp_source"
"http://www.livius.org",40335604,"sp_source"
"http://www.livius.org",36374994,"news"
"http://www.livius.org",35271549,"sp_source"
"http://www.livius.org",39499917,"company"
"http://www.livius.org",41866146,"sp_source"
"http://www.lulu.com",37004408,"company"
"http://www.lulu.com",38896482,"company"
"http://www.lulu.com",38812803,"company"
"http://www.lulu.com",36725706,"sp_source"
"http://www.lulu.com",31001292,"company"
"http://www.lynnnews.co.uk",34240529,"news"
"http://www.lynnnews.co.uk",40074281,"news"
"http://www.lynnnews.co.uk",40883816,"news"
"http://www.lynnnews.co.uk",40279599,"company"
"http://www.lynnnews.co.uk",41364530,"news"
"http://www.lynnnews.co.uk",38762820,"news"
"http://www.lynnnews.co.uk",41841779,"news"
"http://www.lynnnews.co.uk",39347158,"news"
"http://www.mba.ac.uk",38470591,"academia"
"http://www.mba.ac.uk",42274879,"academia"
"http://www.mba.ac.uk",42155896,"academia"
"http://www.mba.ac.uk",28012625,"company"
"http://www.mba.ac.uk",40263699,"academia"
"http://www.mba.ac.uk",32692232,"academia"
"http://www.metalstorm.net",39759039,"sp_source"
"http://www.metalstorm.net",35271549,"news"
"http://www.metalstorm.net",39499917,"news"
"http://www.metalstorm.net",42405769,"news"
"http://www.metalstorm.net",40004501,"sp_source"
"http://www.metmuseum.org",38896482,"company"
"http://www.metmuseum.org",38812803,"company"
"http://www.metmuseum.org",36725706,"company"
"http://www.metmuseum.org",31001292,"company"
"http://www.metmuseum.org",38273134,"company"
"http://www.metmuseum.org",42543391,"company"
"http://www.microsofttranslator.com",28012625,"company"
"http://www.microsofttranslator.com",40263699,"company"
"http://www.microsofttranslator.com",38911211,"company"
"http://www.microsofttranslator.com",32692232,"company"
"http://www.microsofttranslator.com",40335604,"company"
"http://www.microsofttranslator.com",35271549,"company"
"http://www.moma.org",34240529,"company"
"http://www.moma.org",40074281,"company"
"http://www.moma.org",40883816,"company"
"http://www.moma.org",40279599,"company"
"http://www.moma.org",41364530,"company"
"http://www.moma.org",38762820,"company"
"http://www.moma.org",41841779,"govt"
"http://www.moma.org",39347158,"company"
"http://www.mozilla.org",38354683,"company"
"http://www.mozilla.org",37004408,"company"
"http://www.mozilla.org",38896482,"company"
"http://www.mozilla.org",38812803,"company"
"http://www.mozilla.org",31001292,"company"
"http://www.mundoplus.tv",28012625,"ne"
"http://www.mundoplus.tv",40263699,"ne"
"http://www.mundoplus.tv",38911211,"ne"
"http://www.mundoplus.tv",32692232,"news"
"http://www.mundoplus.tv",40335604,"news"
"http://www.mundoplus.tv",39759039,"ne"
"http://www.nationalgallery.org.uk",39499917,"company"
"http://www.nationalgallery.org.uk",42405769,"company"
"http://www.nationalgallery.org.uk",40004501,"company"
"http://www.nationalgallery.org.uk",18526351,"govt"
"http://www.nationalgallery.org.uk",42355492,"company"
"http://www.nationaltrustcollections.org.uk",38812803,"company"
"http://www.nationaltrustcollections.org.uk",36725706,"company"
"http://www.nationaltrustcollections.org.uk",31001292,"company"
"http://www.nationaltrustcollections.org.uk",38273134,"company"
"http://www.nationaltrustcollections.org.uk",42543391,"company"
"http://www.nationaltrustcollections.org.uk",32417589,"company"
"http://www.ncbi.nlm.nih.gov",28012625,"govt"
"http://www.ncbi.nlm.nih.gov",40263699,"academia"
"http://www.ncbi.nlm.nih.gov",38911211,"academia"
"http://www.ncbi.nlm.nih.gov",32692232,"academia"
"http://www.ncbi.nlm.nih.gov",40335604,"govt"
"http://www.ncbi.nlm.nih.gov",39759039,"govt"
"http://www.newyorker.com",28012625,"news"
"http://www.newyorker.com",40263699,"news"
"http://www.newyorker.com",38911211,"news"
"http://www.newyorker.com",32692232,"news"
"http://www.newyorker.com",40335604,"news"
"http://www.newyorker.com",39759039,"news"
"http://www.nfl.com",38812803,"company"
"http://www.nfl.com",36725706,"company"
"http://www.nfl.com",31001292,"company"
"http://www.nfl.com",38273134,"company"
"http://www.nfl.com",42543391,"company"
"http://www.nfl.com",32417589,"company"
"http://www.nga.gov",41364530,"company"
"http://www.nga.gov",24920185,"govt"
"http://www.nga.gov",38762820,"company"
"http://www.nga.gov",39347158,"company"
"http://www.nga.gov",34144126,"govt"
"http://www.nga.gov",36621052,"company"
"http://www.nme.com",39759039,"news"
"http://www.nme.com",40335604,"news"
"http://www.nme.com",36374994,"news"
"http://www.nme.com",35271549,"news"
"http://www.nme.com",39499917,"news"
"http://www.nme.com",41866146,"company"
"http://www.nndb.com",28012625,"company"
"http://www.nndb.com",40263699,"company"
"http://www.nndb.com",38911211,"news"
"http://www.nndb.com",32692232,"company"
"http://www.nndb.com",40335604,"sp_source"
"http://www.nndb.com",35271549,"sp_source"
"http://www.nndc.bnl.gov",36725706,"academia"
"http://www.nndc.bnl.gov",31001292,"academia"
"http://www.nndc.bnl.gov",38273134,"academia"
"http://www.nndc.bnl.gov",32108646,"academia"
"http://www.nndc.bnl.gov",42543391,"academia"
"http://www.nndc.bnl.gov",34240529,"govt"
"http://www.nytimes.com",38588940,"news"
"http://www.nytimes.com",38470591,"news"
"http://www.nytimes.com",42155896,"news"
"http://www.nytimes.com",30286087,"news"
"http://www.nytimes.com",42274879,"news"
"http://www.ofcom.org.uk",41364530,"company"
"http://www.ofcom.org.uk",24920185,"company"
"http://www.ofcom.org.uk",32417589,"company"
"http://www.ofcom.org.uk",39347158,"company"
"http://www.ofcom.org.uk",36621052,"company"
"http://www.ofcom.org.uk",32655193,"company"
"http://www.opensubtitles.org",38470591,"company"
"http://www.opensubtitles.org",42274879,"company"
"http://www.opensubtitles.org",42155896,"company"
"http://www.opensubtitles.org",28012625,"nw"
"http://www.opensubtitles.org",40263699,"company"
"http://www.opensubtitles.org",32692232,"company"
"http://www.openvas.org",38896482,"company"
"http://www.openvas.org",38812803,"company"
"http://www.openvas.org",36725706,"company"
"http://www.openvas.org",31001292,"company"
"http://www.openvas.org",38273134,"academia"
"http://www.openvas.org",42543391,"company"
"http://www.oxfordmusiconline.com",34240529,"academia"
"http://www.oxfordmusiconline.com",40074281,"company"
"http://www.oxfordmusiconline.com",40279599,"academia"
"http://www.oxfordmusiconline.com",41364530,"news"
"http://www.oxfordmusiconline.com",38762820,"academia"
"http://www.oxfordmusiconline.com",41841779,"academia"
"http://www.oxfordmusiconline.com",39347158,"company"
"http://www.pafa.org",38470591,"company"
"http://www.pafa.org",42274879,"academia"
"http://www.pafa.org",42155896,"academia"
"http://www.pafa.org",28012625,"company"
"http://www.pafa.org",40263699,"academia"
"http://www.pafa.org",32692232,"company"
"http://www.parlement.com",18526351,"ne"
"http://www.parlement.com",42355492,"ne"
"http://www.parlement.com",38427455,"ne"
"http://www.parlement.com",26854674,"ne"
"http://www.parlement.com",41866146,"ne"
"http://www.parlement.com",38354683,"academia"
"http://www.pastscape.org.uk",41364530,"company"
"http://www.pastscape.org.uk",24920185,"company"
"http://www.pastscape.org.uk",32417589,"company"
"http://www.pastscape.org.uk",39347158,"company"
"http://www.pastscape.org.uk",36621052,"sp_source"
"http://www.pastscape.org.uk",32655193,"govt"
"http://www.phillipscollection.org",42355492,"company"
"http://www.phillipscollection.org",38427455,"company"
"http://www.phillipscollection.org",41866146,"company"
"http://www.phillipscollection.org",31983808,"company"
"http://www.phillipscollection.org",42226985,"company"
"http://www.phillipscollection.org",38354683,"company"
"http://www.phillipscollection.org",37004408,"company"
"http://www.planetehockey.com",39759039,"ne"
"http://www.planetehockey.com",40335604,"news"
"http://www.planetehockey.com",36374994,"news"
"http://www.planetehockey.com",35271549,"ne"
"http://www.planetehockey.com",39499917,"ne"
"http://www.planetehockey.com",41866146,"ne"
"http://www.poetsgraves.co.uk",38812803,"sp_source"
"http://www.poetsgraves.co.uk",36725706,"company"
"http://www.poetsgraves.co.uk",31001292,"company"
"http://www.poetsgraves.co.uk",38273134,"academia"
"http://www.poetsgraves.co.uk",42543391,"company"
"http://www.poetsgraves.co.uk",32417589,"sp_source"
"http://www.procyclingstats.com",42355492,"company"
"http://www.procyclingstats.com",38427455,"news"
"http://www.procyclingstats.com",41866146,"company"
"http://www.procyclingstats.com",31983808,"company"
"http://www.procyclingstats.com",42226985,"news"
"http://www.procyclingstats.com",38354683,"sp_source"
"http://www.procyclingstats.com",37004408,"news"
"http://www.profilecanada.com",38812803,"company"
"http://www.profilecanada.com",36725706,"company"
"http://www.profilecanada.com",31001292,"company"
"http://www.profilecanada.com",32417589,"company"
"http://www.profilecanada.com",32108646,"company"
"http://www.progarchives.com",38273134,"company"
"http://www.progarchives.com",42543391,"news"
"http://www.progarchives.com",32417589,"company"
"http://www.progarchives.com",32108646,"other"
"http://www.progarchives.com",34240529,"company"
"http://www.progarchives.com",40074281,"company"
"http://www.pulitzer.org",41364530,"company"
"http://www.pulitzer.org",24920185,"news"
"http://www.pulitzer.org",38762820,"company"
"http://www.pulitzer.org",39347158,"company"
"http://www.pulitzer.org",34144126,"company"
"http://www.pulitzer.org",36621052,"company"
"http://www.rada.ac.uk",42405769,"academia"
"http://www.rada.ac.uk",40004501,"academia"
"http://www.rada.ac.uk",18526351,"academia"
"http://www.rada.ac.uk",41866146,"company"
"http://www.rada.ac.uk",38427455,"company"
"http://www.redmine.org",39499917,"company"
"http://www.redmine.org",42405769,"company"
"http://www.redmine.org",40004501,"sp_source"
"http://www.redmine.org",18526351,"company"
"http://www.redmine.org",42355492,"company"
"http://www.redorbit.com",42405769,"news"
"http://www.redorbit.com",40004501,"sp_source"
"http://www.redorbit.com",18526351,"news"
"http://www.redorbit.com",41866146,"academia"
"http://www.redorbit.com",38427455,"company"
"http://www.reunamedia.com",41364530,"ne"
"http://www.reunamedia.com",24920185,"ne"
"http://www.reunamedia.com",38762820,"ne"
"http://www.reunamedia.com",39347158,"sp_source"
"http://www.reunamedia.com",34144126,"ne"
"http://www.reunamedia.com",36621052,"ne"
"http://www.rhapsody.com",42355492,"company"
"http://www.rhapsody.com",38427455,"news"
"http://www.rhapsody.com",28375885,"company"
"http://www.rhapsody.com",38354683,"company"
"http://www.rhapsody.com",37004408,"news"
"http://www.rhapsody.com",38896482,"company"
"http://www.rio2016.com",39759039,"company"
"http://www.rio2016.com",40335604,"company"
"http://www.rio2016.com",36374994,"govt"
"http://www.rio2016.com",35271549,"govt"
"http://www.rio2016.com",39499917,"company"
"http://www.rio2016.com",41866146,"company"
"http://www.royalcollection.org.uk",36019136,"govt"
"http://www.royalcollection.org.uk",38470591,"company"
"http://www.royalcollection.org.uk",42274879,"company"
"http://www.royalcollection.org.uk",42155896,"company"
"http://www.royalcollection.org.uk",37636971,"govt"
"http://www.royalcollection.org.uk",38713068,"company"
"http://www.royalcollection.org.uk",38911211,"company"
"http://www.salvador-dali.org",18526351,"company"
"http://www.salvador-dali.org",42355492,"company"
"http://www.salvador-dali.org",38427455,"company"
"http://www.salvador-dali.org",26854674,"company"
"http://www.salvador-dali.org",41866146,"company"
"http://www.salvador-dali.org",38354683,"company"
"http://www.salzburg.com",39499917,"ne"
"http://www.salzburg.com",42405769,"ne"
"http://www.salzburg.com",40004501,"ne"
"http://www.salzburg.com",18526351,"news"
"http://www.salzburg.com",42355492,"ne"
"http://www.scottisharchitects.org.uk",38812803,"company"
"http://www.scottisharchitects.org.uk",36725706,"company"
"http://www.scottisharchitects.org.uk",31001292,"govt"
"http://www.scottisharchitects.org.uk",32417589,"company"
"http://www.scottisharchitects.org.uk",32108646,"academia"
"http://www.siteducyclisme.net",18526351,"ne"
"http://www.siteducyclisme.net",42355492,"ne"
"http://www.siteducyclisme.net",38427455,"company"
"http://www.siteducyclisme.net",26854674,"sp_source"
"http://www.siteducyclisme.net",41866146,"ne"
"http://www.siteducyclisme.net",38354683,"ne"
"http://www.sothebys.com",36019136,"company"
"http://www.sothebys.com",39757852,"company"
"http://www.sothebys.com",38470591,"company"
"http://www.sothebys.com",42274879,"company"
"http://www.sothebys.com",42155896,"company"
"http://www.sothebys.com",30286087,"company"
"http://www.speedskatingbase.eu",28012625,"company"
"http://www.speedskatingbase.eu",40263699,"company"
"http://www.speedskatingbase.eu",38911211,"news"
"http://www.speedskatingbase.eu",32692232,"company"
"http://www.speedskatingbase.eu",40335604,"sp_source"
"http://www.speedskatingbase.eu",39759039,"sp_source"
"http://www.sports-reference.com",39759039,"company"
"http://www.sports-reference.com",35271549,"news"
"http://www.sports-reference.com",39499917,"company"
"http://www.sports-reference.com",42405769,"company"
"http://www.sports-reference.com",40004501,"sp_source"
"http://www.stoa.org",28012625,"company"
"http://www.stoa.org",40263699,"academia"
"http://www.stoa.org",38911211,"news"
"http://www.stoa.org",32692232,"company"
"http://www.stoa.org",40335604,"company"
"http://www.stoa.org",39759039,"sp_source"
"http://www.sufyanismail.com",24920185,"sp_source"
"http://www.sufyanismail.com",39347158,"sp_source"
"http://www.sufyanismail.com",34144126,"sp_source"
"http://www.sufyanismail.com",36621052,"sp_source"
"http://www.sufyanismail.com",32655193,"sp_source"
"http://www.sufyanismail.com",36257971,"sp_source"
"http://www.telegraph.co.uk",36019136,"news"
"http://www.telegraph.co.uk",38470591,"news"
"http://www.telegraph.co.uk",42274879,"news"
"http://www.telegraph.co.uk",42155896,"news"
"http://www.telegraph.co.uk",37636971,"news"
"http://www.telegraph.co.uk",38713068,"news"
"http://www.telegraph.co.uk",38911211,"news"
"http://www.thecalmzone.net",28012625,"news"
"http://www.thecalmzone.net",40263699,"company"
"http://www.thecalmzone.net",38911211,"news"
"http://www.thecalmzone.net",32692232,"company"
"http://www.thecalmzone.net",40335604,"company"
"http://www.thecalmzone.net",39759039,"company"
"http://www.thegazette.co.uk",38588940,"company"
"http://www.thegazette.co.uk",38470591,"company"
"http://www.thegazette.co.uk",42155896,"news"
"http://www.thegazette.co.uk",30286087,"news"
"http://www.thegazette.co.uk",42274879,"company"
"http://www.thestar.com",41364530,"news"
"http://www.thestar.com",38762820,"news"
"http://www.thestar.com",24920185,"news"
"http://www.thestar.com",39347158,"news"
"http://www.thestar.com",36621052,"news"
"http://www.thestar.com",32655193,"news"
"http://www.thetalentmanager.co.uk",32417589,"company"
"http://www.thetalentmanager.co.uk",32108646,"nw"
"http://www.thetalentmanager.co.uk",42543391,"company"
"http://www.thetalentmanager.co.uk",34240529,"company"
"http://www.thetalentmanager.co.uk",38762820,"company"
"http://www.thetelegraphandargus.co.uk",42405769,"news"
"http://www.thetelegraphandargus.co.uk",40004501,"news"
"http://www.thetelegraphandargus.co.uk",18526351,"news"
"http://www.thetelegraphandargus.co.uk",41866146,"news"
"http://www.thetelegraphandargus.co.uk",38427455,"news"
"http://www.thnk.org",36019136,"company"
"http://www.thnk.org",39757852,"academia"
"http://www.thnk.org",38470591,"company"
"http://www.thnk.org",42274879,"academia"
"http://www.thnk.org",42155896,"company"
"http://www.thnk.org",30286087,"company"
"http://www.transsiberianexpress.net",38812803,"company"
"http://www.transsiberianexpress.net",36725706,"company"
"http://www.transsiberianexpress.net",31001292,"company"
"http://www.transsiberianexpress.net",32417589,"company"
"http://www.transsiberianexpress.net",32108646,"company"
"http://www.unece.org",39499917,"company"
"http://www.unece.org",42405769,"govt"
"http://www.unece.org",40004501,"govt"
"http://www.unece.org",18526351,"govt"
"http://www.unece.org",42355492,"govt"
"http://www.unesco.org",28012625,"govt"
"http://www.unesco.org",40263699,"company"
"http://www.unesco.org",38911211,"govt"
"http://www.unesco.org",32692232,"govt"
"http://www.unesco.org",40335604,"company"
"http://www.unesco.org",35271549,"govt"
"http://www.valpo.edu",38427455,"academia"
"http://www.valpo.edu",28375885,"academia"
"http://www.valpo.edu",38354683,"academia"
"http://www.valpo.edu",37004408,"academia"
"http://www.valpo.edu",38896482,"academia"
"http://www.valpo.edu",31001292,"academia"
"http://www.vanitatis.elconfidencial.com",39759039,"ne"
"http://www.vanitatis.elconfidencial.com",35271549,"ne"
"http://www.vanitatis.elconfidencial.com",39499917,"ne"
"http://www.vanitatis.elconfidencial.com",42405769,"ne"
"http://www.vanitatis.elconfidencial.com",40004501,"ne"
"http://www.viaf.org",36725706,"ne"
"http://www.viaf.org",31001292,"company"
"http://www.viaf.org",38273134,"company"
"http://www.viaf.org",32417589,"company"
"http://www.viaf.org",32108646,"company"
"http://www.viaf.org",34240529,"company"
"http://www.virtualbox.org",38354683,"company"
"http://www.virtualbox.org",37004408,"company"
"http://www.virtualbox.org",38896482,"company"
"http://www.virtualbox.org",38812803,"company"
"http://www.virtualbox.org",31001292,"company"
"http://www.washingtonpost.com",36725706,"news"
"http://www.washingtonpost.com",31001292,"news"
"http://www.washingtonpost.com",38273134,"news"
"http://www.washingtonpost.com",32417589,"news"
"http://www.washingtonpost.com",32108646,"news"
"http://www.washingtonpost.com",34240529,"news"
"http://www.webcitation.org",38470591,"company"
"http://www.webcitation.org",42274879,"company"
"http://www.webcitation.org",42155896,"company"
"http://www.webcitation.org",28012625,"company"
"http://www.webcitation.org",40263699,"company"
"http://www.webcitation.org",32692232,"company"
"http://www.who.int",35271549,"govt"
"http://www.who.int",39499917,"company"
"http://www.who.int",42405769,"company"
"http://www.who.int",40004501,"govt"
"http://www.who.int",18526351,"govt"
"http://www.wireshark.org",28012625,"company"
"http://www.wireshark.org",40263699,"company"
"http://www.wireshark.org",38911211,"news"
"http://www.wireshark.org",32692232,"company"
"http://www.wireshark.org",40335604,"company"
"http://www.wireshark.org",39759039,"company"
"http://www.xkcd.com",28012625,"company"
"http://www.xkcd.com",40263699,"company"
"http://www.xkcd.com",38911211,"company"
"http://www.xkcd.com",32692232,"sp_source"
"http://www.xkcd.com",40335604,"sp_source"
"http://www.xkcd.com",39759039,"sp_source"
"http://www.yenihayatgazetesi.com",37004408,"nw"
"http://www.yenihayatgazetesi.com",38896482,"nw"
"http://www.yenihayatgazetesi.com",38812803,"nw"
"http://www.yenihayatgazetesi.com",36725706,"nw"
"http://www.yenihayatgazetesi.com",38273134,"nw"
"http://www.yenihayatgazetesi.com",42543391,"news"
"http://www.yesasia.com",34240529,"company"
"http://www.yesasia.com",40074281,"company"
"http://www.yesasia.com",40883816,"company"
"http://www.yesasia.com",41364530,"company"
"http://www.yesasia.com",24920185,"company"
"http://www.yesasia.com",39347158,"company"
"http://www.yesasia.com",34144126,"company"
"http://www12.statcan.ca",28012625,"company"
"http://www12.statcan.ca",40263699,"govt"
"http://www12.statcan.ca",38911211,"news"
"http://www12.statcan.ca",32692232,"academia"
"http://www12.statcan.ca",40335604,"govt"
"http://www12.statcan.ca",39759039,"govt"
"http://www2.census.gov",36725706,"nw"
"http://www2.census.gov",38273134,"govt"
"http://www2.census.gov",42543391,"govt"
"http://www2.census.gov",32417589,"govt"
"http://www2.census.gov",32108646,"govt"
"http://www2.census.gov",40074281,"govt"
"http://yba.llgc.org.uk",36019136,"ne"
"http://yba.llgc.org.uk",39757852,"sp_source"
"http://yba.llgc.org.uk",38470591,"ne"
"http://yba.llgc.org.uk",42274879,"company"
"http://yba.llgc.org.uk",42155896,"company"
"http://yba.llgc.org.uk",30286087,"academia"
"http://yum.baseurl.org",34240529,"company"
"http://yum.baseurl.org",41364530,"company"
"http://yum.baseurl.org",38762820,"company"
"http://yum.baseurl.org",24920185,"academia"
"http://yum.baseurl.org",39347158,"company"
"http://yum.baseurl.org",34144126,"company"
"http://zenekucko.ucoz.com",39759039,"ne"
"http://zenekucko.ucoz.com",40335604,"sp_source"
"http://zenekucko.ucoz.com",36374994,"ne"
"http://zenekucko.ucoz.com",35271549,"sp_source"
"http://zenekucko.ucoz.com",39499917,"ne"
"http://zenekucko.ucoz.com",41866146,"company"
