"domain","X_worker_id","results"
"http://8tracks.com",29415754,"vendor"
"http://8tracks.com",41189648,"vendor"
"http://8tracks.com",36268643,"vendor"
"http://8tracks.com",28375885,"vendor"
"http://8tracks.com",39006856,"vendor"
"http://8tracks.com",32108646,"vendor"
"http://8tracks.com",41866146,"vendor"
"http://addons.mozilla.org",11003055,"vendor"
"http://addons.mozilla.org",35271549,"vendor"
"http://addons.mozilla.org",41166195,"no_profit"
"http://addons.mozilla.org",32108646,"vendor"
"http://addons.mozilla.org",39006856,"no_profit"
"http://addons.mozilla.org",33973110,"ne"
"http://akas.imdb.com",41166195,"no_profit"
"http://akas.imdb.com",29415754,"no_profit"
"http://akas.imdb.com",36946810,"cultural"
"http://akas.imdb.com",36268643,"vendor"
"http://akas.imdb.com",41866146,"no_profit"
"http://akas.imdb.com",25879918,"vendor"
"http://akas.imdb.com",33973110,"no"
"http://akas.imdb.com",32108646,"vendor"
"http://americanart.si.edu",29415754,"cultural"
"http://americanart.si.edu",28375885,"cultural"
"http://americanart.si.edu",40215755,"cultural"
"http://americanart.si.edu",42155896,"cultural"
"http://americanart.si.edu",37589406,"cultural"
"http://americanart.si.edu",42414846,"cultural"
"http://amturing.acm.org",29415754,"no_profit"
"http://amturing.acm.org",41189648,"political"
"http://amturing.acm.org",36268643,"cultural"
"http://amturing.acm.org",28375885,"cultural"
"http://amturing.acm.org",39006856,"political"
"http://amturing.acm.org",32108646,"no_profit"
"http://amturing.acm.org",41866146,"no_profit"
"http://archive.org",11003055,"vendor"
"http://archive.org",35271549,"no_profit"
"http://archive.org",28375885,"cultural"
"http://archive.org",42155896,"no_profit"
"http://archive.org",25879918,"no_profit"
"http://archive.org",37589406,"cultural"
"http://art.famsf.org",11003055,"cultural"
"http://art.famsf.org",35271549,"cultural"
"http://art.famsf.org",41166195,"cultural"
"http://art.famsf.org",32108646,"cultural"
"http://art.famsf.org",39006856,"cultural"
"http://art.famsf.org",33973110,"cultural"
"http://backuppc.cvs.sourceforge.net",29415754,"no_profit"
"http://backuppc.cvs.sourceforge.net",28375885,"vendor"
"http://backuppc.cvs.sourceforge.net",40215755,"no"
"http://backuppc.cvs.sourceforge.net",42155896,"no_profit"
"http://backuppc.cvs.sourceforge.net",37589406,"vendor"
"http://backuppc.cvs.sourceforge.net",25411600,"vendor"
"http://bbfc.co.uk",29415754,"cultural"
"http://bbfc.co.uk",28375885,"cultural"
"http://bbfc.co.uk",40215755,"no_profit"
"http://bbfc.co.uk",42155896,"no_profit"
"http://bbfc.co.uk",37589406,"cultural"
"http://bbfc.co.uk",35077385,"no"
"http://bbti.bodleian.ox.ac.uk",41166195,"no"
"http://bbti.bodleian.ox.ac.uk",29415754,"cultural"
"http://bbti.bodleian.ox.ac.uk",36946810,"cultural"
"http://bbti.bodleian.ox.ac.uk",36268643,"cultural"
"http://bbti.bodleian.ox.ac.uk",41866146,"cultural"
"http://bbti.bodleian.ox.ac.uk",25879918,"no_profit"
"http://bbti.bodleian.ox.ac.uk",33973110,"cultural"
"http://bbti.bodleian.ox.ac.uk",32108646,"cultural"
"http://blog.mathieui.net",29415754,"yes"
"http://blog.mathieui.net",28375885,"yes"
"http://blog.mathieui.net",40215755,"yes"
"http://blog.mathieui.net",42155896,"yes"
"http://blog.mathieui.net",37589406,"yes"
"http://blog.mathieui.net",35077385,"yes"
"http://blog.process-one.net",36268643,"no"
"http://blog.process-one.net",42023252,"no_profit"
"http://blog.process-one.net",41189648,"vendor"
"http://blog.process-one.net",41866146,"vendor"
"http://blog.process-one.net",40297287,"vendor"
"http://blog.torproject.org",11003055,"vendor"
"http://blog.torproject.org",35271549,"no_profit"
"http://blog.torproject.org",41166195,"no_profit"
"http://blog.torproject.org",32108646,"no"
"http://blog.torproject.org",39006856,"no"
"http://blog.torproject.org",33973110,"no"
"http://blogs.windows.com",11003055,"vendor"
"http://blogs.windows.com",35271549,"vendor"
"http://blogs.windows.com",41166195,"vendor"
"http://blogs.windows.com",32108646,"vendor"
"http://blogs.windows.com",39006856,"vendor"
"http://blogs.windows.com",33973110,"no"
"http://books.google.co.uk",29415754,"no_profit"
"http://books.google.co.uk",28375885,"vendor"
"http://books.google.co.uk",40215755,"vendor"
"http://books.google.co.uk",42155896,"vendor"
"http://books.google.co.uk",37589406,"nw"
"http://books.google.co.uk",42414846,"vendor"
"http://brightlightsfilm.com",41166195,"trad_news"
"http://brightlightsfilm.com",29415754,"non_trad_news"
"http://brightlightsfilm.com",36946810,"non_trad_news"
"http://brightlightsfilm.com",36268643,"non_trad_news"
"http://brightlightsfilm.com",41866146,"non_trad_news"
"http://brightlightsfilm.com",25879918,"non_trad_news"
"http://brightlightsfilm.com",33973110,"non_trad_news"
"http://brightlightsfilm.com",32108646,"non_trad_news"
"http://chem.nlm.nih.gov",41189648,"no"
"http://chem.nlm.nih.gov",40215755,"no"
"http://chem.nlm.nih.gov",42023252,"no"
"http://chem.nlm.nih.gov",42155896,"cultural"
"http://chem.nlm.nih.gov",33973110,"cultural"
"http://chibi.ubc.ca",29415754,"academia_uni"
"http://chibi.ubc.ca",41189648,"academia_uni"
"http://chibi.ubc.ca",36268643,"academia_uni"
"http://chibi.ubc.ca",28375885,"academia_uni"
"http://chibi.ubc.ca",39006856,"academia_uni"
"http://chibi.ubc.ca",32108646,"academia_uni"
"http://chibi.ubc.ca",41866146,"academia_uni"
"http://classify.oclc.org",41189648,"cultural"
"http://classify.oclc.org",40215755,"no_profit"
"http://classify.oclc.org",42023252,"ne"
"http://classify.oclc.org",42155896,"cultural"
"http://classify.oclc.org",33973110,"no_profit"
"http://collection.cooperhewitt.org",41189648,"cultural"
"http://collection.cooperhewitt.org",40215755,"cultural"
"http://collection.cooperhewitt.org",42023252,"cultural"
"http://collection.cooperhewitt.org",42155896,"cultural"
"http://collection.cooperhewitt.org",33973110,"cultural"
"http://collections.artsmia.org",36268643,"cultural"
"http://collections.artsmia.org",42023252,"cultural"
"http://collections.artsmia.org",41189648,"cultural"
"http://collections.artsmia.org",41866146,"cultural"
"http://collections.artsmia.org",40297287,"cultural"
"http://collections.britishart.yale.edu",29415754,"cultural"
"http://collections.britishart.yale.edu",41189648,"cultural"
"http://collections.britishart.yale.edu",36268643,"no"
"http://collections.britishart.yale.edu",28375885,"cultural"
"http://collections.britishart.yale.edu",39006856,"cultural"
"http://collections.britishart.yale.edu",32108646,"cultural"
"http://collections.britishart.yale.edu",41866146,"cultural"
"http://collections.lacma.org",11003055,"cultural"
"http://collections.lacma.org",35271549,"vendor"
"http://collections.lacma.org",41166195,"cultural"
"http://collections.lacma.org",42023252,"cultural"
"http://collections.lacma.org",40215755,"cultural"
"http://commons.wikimedia.org",36268643,"vendor"
"http://commons.wikimedia.org",42023252,"no"
"http://commons.wikimedia.org",41189648,"cultural"
"http://commons.wikimedia.org",41866146,"no_profit"
"http://commons.wikimedia.org",40297287,"cultural"
"http://daccess-ods.un.org",36268643,"yes"
"http://daccess-ods.un.org",42023252,"ne"
"http://daccess-ods.un.org",41189648,"yes"
"http://daccess-ods.un.org",41866146,"yes"
"http://daccess-ods.un.org",40297287,"yes"
"http://data.ordnancesurvey.co.uk",36268643,"no_profit"
"http://data.ordnancesurvey.co.uk",42023252,"no_profit"
"http://data.ordnancesurvey.co.uk",41189648,"cultural"
"http://data.ordnancesurvey.co.uk",41866146,"vendor"
"http://data.ordnancesurvey.co.uk",40297287,"cultural"
"http://directory.fsf.org",11003055,"no_profit"
"http://directory.fsf.org",35271549,"no_profit"
"http://directory.fsf.org",41166195,"no_profit"
"http://directory.fsf.org",42023252,"no_profit"
"http://directory.fsf.org",40215755,"no_profit"
"http://electronicintifada.net",11003055,"non_trad_news"
"http://electronicintifada.net",35271549,"non_trad_news"
"http://electronicintifada.net",41166195,"trad_news"
"http://electronicintifada.net",42023252,"trad_news"
"http://electronicintifada.net",40215755,"trad_news"
"http://en.mediamass.net",11003055,"trad_news"
"http://en.mediamass.net",35271549,"non_trad_news"
"http://en.mediamass.net",41166195,"trad_news"
"http://en.mediamass.net",42023252,"trad_news"
"http://en.mediamass.net",40215755,"non_trad_news"
"http://en.wikisource.org",11003055,"no_profit"
"http://en.wikisource.org",35271549,"no_profit"
"http://en.wikisource.org",28375885,"political"
"http://en.wikisource.org",42155896,"no_profit"
"http://en.wikisource.org",25879918,"cultural"
"http://en.wikisource.org",37589406,"cultural"
"http://eprints.lancs.ac.uk",41166195,"academia_uni"
"http://eprints.lancs.ac.uk",29415754,"academia_uni"
"http://eprints.lancs.ac.uk",36946810,"academia_uni"
"http://eprints.lancs.ac.uk",36268643,"academia_uni"
"http://eprints.lancs.ac.uk",41866146,"academia_uni"
"http://eprints.lancs.ac.uk",25879918,"academia_uni"
"http://eprints.lancs.ac.uk",33973110,"academia_uni"
"http://eprints.lancs.ac.uk",32108646,"academia_uni"
"http://equipboard.com",11003055,"no_profit"
"http://equipboard.com",35271549,"no_profit"
"http://equipboard.com",28375885,"no"
"http://equipboard.com",42155896,"no_profit"
"http://equipboard.com",25879918,"no_profit"
"http://equipboard.com",37589406,"cultural"
"http://espn.go.com",29415754,"trad_news"
"http://espn.go.com",41189648,"trad_news"
"http://espn.go.com",36268643,"non_trad_news"
"http://espn.go.com",28375885,"trad_news"
"http://espn.go.com",39006856,"trad_news"
"http://espn.go.com",32108646,"non_trad_news"
"http://espn.go.com",41866146,"trad_news"
"http://europeana.eu",15439343,"cultural"
"http://europeana.eu",37589406,"ne"
"http://europeana.eu",39073124,"vendor"
"http://europeana.eu",36946810,"cultural"
"http://europeana.eu",40297287,"cultural"
"http://factfinder.census.gov",29415754,"yes"
"http://factfinder.census.gov",41189648,"yes"
"http://factfinder.census.gov",36268643,"yes"
"http://factfinder.census.gov",28375885,"yes"
"http://factfinder.census.gov",39006856,"yes"
"http://factfinder.census.gov",32108646,"no"
"http://factfinder.census.gov",41866146,"yes"
"http://fdrmx.com",41189648,"non_trad_news"
"http://fdrmx.com",40215755,"ne"
"http://fdrmx.com",42023252,"trad_news"
"http://fdrmx.com",42155896,"non_trad_news"
"http://fdrmx.com",33973110,"non_trad_news"
"http://fedoraproject.org",15439343,"no_profit"
"http://fedoraproject.org",37589406,"ne"
"http://fedoraproject.org",39073124,"vendor"
"http://fedoraproject.org",36946810,"vendor"
"http://fedoraproject.org",40297287,"no_profit"
"http://feed.snapdo.com",11003055,"vendor"
"http://feed.snapdo.com",35271549,"vendor"
"http://feed.snapdo.com",28375885,"vendor"
"http://feed.snapdo.com",42155896,"vendor"
"http://feed.snapdo.com",25879918,"no_profit"
"http://feed.snapdo.com",37589406,"nw"
"http://ffilms.org",11003055,"no_profit"
"http://ffilms.org",35271549,"no_profit"
"http://ffilms.org",41166195,"no_profit"
"http://ffilms.org",42023252,"no_profit"
"http://ffilms.org",40215755,"no_profit"
"http://fie.org",11003055,"no_profit"
"http://fie.org",35271549,"political"
"http://fie.org",41166195,"no_profit"
"http://fie.org",42023252,"no_profit"
"http://fie.org",40215755,"cultural"
"http://figshare.com",41189648,"academia_uni"
"http://figshare.com",40215755,"academia_pub"
"http://figshare.com",42023252,"nw"
"http://figshare.com",42155896,"no"
"http://figshare.com",33973110,"academia_pub"
"http://firstcycling.com",36268643,"trad_news"
"http://firstcycling.com",42023252,"trad_news"
"http://firstcycling.com",41189648,"non_trad_news"
"http://firstcycling.com",41866146,"no"
"http://firstcycling.com",40297287,"no"
"http://flymotorsich.com",11003055,"ne"
"http://flymotorsich.com",35271549,"vendor"
"http://flymotorsich.com",41166195,"vendor"
"http://flymotorsich.com",32108646,"vendor"
"http://flymotorsich.com",39006856,"ne"
"http://flymotorsich.com",33973110,"ne"
"http://fmg.ac",41189648,"cultural"
"http://fmg.ac",40215755,"cultural"
"http://fmg.ac",42023252,"cultural"
"http://fmg.ac",42155896,"vendor"
"http://fmg.ac",33973110,"political"
"http://forum.mql4.com",41166195,"vendor"
"http://forum.mql4.com",29415754,"no_profit"
"http://forum.mql4.com",36946810,"vendor"
"http://forum.mql4.com",36268643,"no"
"http://forum.mql4.com",41866146,"no_profit"
"http://forum.mql4.com",25879918,"no_profit"
"http://forum.mql4.com",33973110,"no"
"http://forum.mql4.com",32108646,"vendor"
"http://forums.comodo.com",11003055,"no_profit"
"http://forums.comodo.com",35271549,"vendor"
"http://forums.comodo.com",41166195,"vendor"
"http://forums.comodo.com",32108646,"vendor"
"http://forums.comodo.com",39006856,"no"
"http://forums.comodo.com",33973110,"no"
"http://fossilworks.org",11003055,"academia_uni"
"http://fossilworks.org",35271549,"academia_uni"
"http://fossilworks.org",28375885,"academia_other"
"http://fossilworks.org",42155896,"academia_other"
"http://fossilworks.org",25879918,"academia_uni"
"http://fossilworks.org",37589406,"academia_pub"
"http://freemind.sourceforge.net",41166195,"no_profit"
"http://freemind.sourceforge.net",29415754,"no"
"http://freemind.sourceforge.net",36946810,"nw"
"http://freemind.sourceforge.net",36268643,"no"
"http://freemind.sourceforge.net",41866146,"no_profit"
"http://freemind.sourceforge.net",25879918,"cultural"
"http://freemind.sourceforge.net",33973110,"vendor"
"http://freemind.sourceforge.net",32108646,"no_profit"
"http://ftp.debian-ports.org",29415754,"no"
"http://ftp.debian-ports.org",28375885,"yes"
"http://ftp.debian-ports.org",40215755,"yes"
"http://ftp.debian-ports.org",42155896,"no"
"http://ftp.debian-ports.org",37589406,"nw"
"http://ftp.debian-ports.org",32073845,"yes"
"http://genealogy.az.gov",11003055,"yes"
"http://genealogy.az.gov",35271549,"yes"
"http://genealogy.az.gov",28375885,"yes"
"http://genealogy.az.gov",42155896,"yes"
"http://genealogy.az.gov",25879918,"yes"
"http://genealogy.az.gov",37589406,"yes"
"http://geonames.usgs.gov",36113457,"yes"
"http://geonames.usgs.gov",39920459,"yes"
"http://geonames.usgs.gov",35377304,"yes"
"http://geonames.usgs.gov",37869484,"yes"
"http://geonames.usgs.gov",40245758,"yes"
"http://git.gnome.org",42402413,"no_profit"
"http://git.gnome.org",35644614,"no"
"http://git.gnome.org",34550698,"no"
"http://git.gnome.org",42472203,"no_profit"
"http://git.gnome.org",35597807,"no_profit"
"http://git.gnome.org",32417589,"no_profit"
"http://git.gnome.org",33805118,"vendor"
"http://git.kernel.org",42414846,"no_profit"
"http://git.kernel.org",25864227,"no"
"http://git.kernel.org",40338958,"vendor"
"http://git.kernel.org",41142695,"no_profit"
"http://git.kernel.org",32073845,"no_profit"
"http://github.com",33731955,"no_profit"
"http://github.com",42472271,"vendor"
"http://github.com",42471779,"no_profit"
"http://github.com",34098122,"nw"
"http://github.com",36922135,"nw"
"http://groups.google.com",31001292,"no_profit"
"http://groups.google.com",39554633,"no_profit"
"http://groups.google.com",39538622,"vendor"
"http://groups.google.com",41110198,"vendor"
"http://groups.google.com",34630521,"nw"
"http://groups.google.com",39616594,"no"
"http://groups.google.com",40245758,"nw"
"http://hansard.millbanksystems.com",31001292,"no_profit"
"http://hansard.millbanksystems.com",39554633,"no_profit"
"http://hansard.millbanksystems.com",39538622,"cultural"
"http://hansard.millbanksystems.com",41110198,"political"
"http://hansard.millbanksystems.com",34630521,"no"
"http://hansard.millbanksystems.com",39616594,"cultural"
"http://hansard.millbanksystems.com",40245758,"political"
"http://hg.mozilla.org",27985936,"no_profit"
"http://hg.mozilla.org",42405769,"no_profit"
"http://hg.mozilla.org",42414846,"no_profit"
"http://hg.mozilla.org",39073124,"no"
"http://hg.mozilla.org",40338958,"vendor"
"http://iba-world.com",40640600,"no_profit"
"http://iba-world.com",35597807,"cultural"
"http://iba-world.com",38164483,"nw"
"http://iba-world.com",33731955,"nw"
"http://iba-world.com",34391904,"political"
"http://id.loc.gov",34417954,"cultural"
"http://id.loc.gov",38511900,"no_profit"
"http://id.loc.gov",35644614,"cultural"
"http://id.loc.gov",34550698,"cultural"
"http://id.loc.gov",35077385,"cultural"
"http://id.loc.gov",38164483,"cultural"
"http://id.loc.gov",42472222,"no_profit"
"http://identifiers.org",11021010,"no"
"http://identifiers.org",39332461,"academia_uni"
"http://identifiers.org",41652222,"academia_uni"
"http://identifiers.org",34630521,"academia_uni"
"http://identifiers.org",35673676,"academia_uni"
"http://identifiers.org",40323250,"academia_uni"
"http://iditarod.com",35597778,"no_profit"
"http://iditarod.com",42402413,"cultural"
"http://iditarod.com",35644614,"no"
"http://iditarod.com",35597807,"cultural"
"http://iditarod.com",33805118,"no"
"http://independentlibraries.co.uk",33732609,"no"
"http://independentlibraries.co.uk",35679318,"no"
"http://independentlibraries.co.uk",38040317,"no_profit"
"http://independentlibraries.co.uk",35597774,"cultural"
"http://independentlibraries.co.uk",33573033,"cultural"
"http://instagram.com",34417954,"nw"
"http://instagram.com",38511900,"nw"
"http://instagram.com",35077385,"no_profit"
"http://instagram.com",34098122,"nw"
"http://instagram.com",36922135,"nw"
"http://instagram.com",42472222,"no"
"http://itunes.apple.com",42414846,"vendor"
"http://itunes.apple.com",25864227,"vendor"
"http://itunes.apple.com",40338958,"vendor"
"http://itunes.apple.com",41142695,"vendor"
"http://itunes.apple.com",36531316,"vendor"
"http://killiefc.com",40640602,"no"
"http://killiefc.com",40640600,"no_profit"
"http://killiefc.com",32717039,"no_profit"
"http://killiefc.com",38164483,"no_profit"
"http://killiefc.com",38040405,"cultural"
"http://lawandorder.wikia.com",35597784,"cultural"
"http://lawandorder.wikia.com",38511900,"no"
"http://lawandorder.wikia.com",42472271,"no_profit"
"http://lawandorder.wikia.com",38040405,"political"
"http://lawandorder.wikia.com",35077324,"political"
"http://library.la84.org",40640600,"cultural"
"http://library.la84.org",35597807,"nw"
"http://library.la84.org",38164483,"nw"
"http://library.la84.org",33731955,"nw"
"http://library.la84.org",42471779,"nw"
"http://lists.alioth.debian.org",36621052,"no"
"http://lists.alioth.debian.org",11021010,"no"
"http://lists.alioth.debian.org",30055681,"no"
"http://lists.alioth.debian.org",38427455,"no_profit"
"http://lists.alioth.debian.org",40323250,"vendor"
"http://lists.freebsd.org",32777849,"nw"
"http://lists.freebsd.org",29971516,"no_profit"
"http://lists.freebsd.org",36621052,"no"
"http://lists.freebsd.org",21353389,"no_profit"
"http://lists.freebsd.org",36820845,"no_profit"
"http://lists.freebsd.org",11021010,"no"
"http://lists.freebsd.org",42372714,"no"
"http://lists.gnu.org",21353389,"no_profit"
"http://lists.gnu.org",40950428,"no_profit"
"http://lists.gnu.org",38012668,"no_profit"
"http://lists.gnu.org",42565441,"vendor"
"http://lists.gnu.org",38427455,"no_profit"
"http://lists.gnu.org",30055681,"vendor"
"http://lists.netfilter.org",40640600,"no_profit"
"http://lists.netfilter.org",38164483,"nw"
"http://lists.netfilter.org",35597807,"no_profit"
"http://lists.netfilter.org",32717039,"no_profit"
"http://lists.netfilter.org",42472271,"no"
"http://lists.nongnu.org",40640600,"no_profit"
"http://lists.nongnu.org",38164483,"nw"
"http://lists.nongnu.org",35597807,"ne"
"http://lists.nongnu.org",32717039,"no_profit"
"http://lists.nongnu.org",33731955,"no_profit"
"http://lists.torproject.org",21353389,"no"
"http://lists.torproject.org",40950428,"no_profit"
"http://lists.torproject.org",38012668,"no_profit"
"http://lists.torproject.org",38427455,"no_profit"
"http://lists.torproject.org",36946810,"vendor"
"http://lists.torproject.org",36621052,"no"
"http://m.timesofindia.com",15439343,"non_trad_news"
"http://m.timesofindia.com",11051473,"trad_news"
"http://m.timesofindia.com",33827939,"trad_news"
"http://m.timesofindia.com",36596402,"non_trad_news"
"http://m.timesofindia.com",40297287,"non_trad_news"
"http://m.timesofindia.com",42259233,"non_trad_news"
"http://mail-archives.apache.org",21353389,"no_profit"
"http://mail-archives.apache.org",40950428,"vendor"
"http://mail-archives.apache.org",38012668,"no_profit"
"http://mail-archives.apache.org",42565441,"cultural"
"http://mail-archives.apache.org",38427455,"no_profit"
"http://mail-archives.apache.org",30055681,"nw"
"http://man.9front.org",33732609,"yes"
"http://man.9front.org",35679318,"yes"
"http://man.9front.org",38040154,"no"
"http://man.9front.org",38040317,"no"
"http://man.9front.org",35077410,"no"
"http://marvel.com",36596402,"no"
"http://marvel.com",33827939,"non_trad_news"
"http://marvel.com",27985936,"no"
"http://marvel.com",42259233,"trad_news"
"http://marvel.com",42405769,"trad_news"
"http://marvel.com",15925358,"trad_news"
"http://moma.org",35644614,"cultural"
"http://moma.org",32717039,"no_profit"
"http://moma.org",33803814,"cultural"
"http://moma.org",42471886,"cultural"
"http://moma.org",38040405,"cultural"
"http://movie-locations.com",35597784,"no"
"http://movie-locations.com",34098122,"vendor"
"http://movie-locations.com",36922135,"vendor"
"http://movie-locations.com",35597775,"no"
"http://movie-locations.com",33803814,"no"
"http://movieweb.com",27985936,"non_trad_news"
"http://movieweb.com",42405769,"trad_news"
"http://movieweb.com",42414846,"trad_news"
"http://movieweb.com",39073124,"trad_news"
"http://movieweb.com",40338958,"non_trad_news"
"http://mpse.org",35597778,"no_profit"
"http://mpse.org",42402413,"cultural"
"http://mpse.org",42530712,"no_profit"
"http://mpse.org",35597807,"cultural"
"http://mpse.org",33805118,"cultural"
"http://new.liveauctioneers.com",36621052,"no"
"http://new.liveauctioneers.com",11021010,"no"
"http://new.liveauctioneers.com",30055681,"vendor"
"http://new.liveauctioneers.com",38427455,"vendor"
"http://new.liveauctioneers.com",40323250,"cultural"
"http://olat.org",35597778,"no"
"http://olat.org",35597774,"no"
"http://olat.org",34391904,"no"
"http://olat.org",42530712,"academia_other"
"http://olat.org",40640602,"no"
"http://oneprocycling.com",42414846,"vendor"
"http://oneprocycling.com",25864227,"no"
"http://oneprocycling.com",40338958,"no_profit"
"http://oneprocycling.com",41142695,"no_profit"
"http://oneprocycling.com",36531316,"vendor"
"http://online.wsj.com",11021010,"no"
"http://online.wsj.com",39332461,"trad_news"
"http://online.wsj.com",41652222,"trad_news"
"http://online.wsj.com",34630521,"trad_news"
"http://online.wsj.com",35673676,"trad_news"
"http://online.wsj.com",40323250,"trad_news"
"http://oxfordindex.oup.com",21353389,"academia_pub"
"http://oxfordindex.oup.com",40950428,"academia_pub"
"http://oxfordindex.oup.com",38012668,"academia_other"
"http://oxfordindex.oup.com",38427455,"academia_pub"
"http://oxfordindex.oup.com",36946810,"academia_uni"
"http://oxfordindex.oup.com",36621052,"academia_uni"
"http://peerj.com",38012668,"academia_pub"
"http://peerj.com",39332461,"academia_pub"
"http://peerj.com",29971516,"academia_uni"
"http://peerj.com",42565441,"academia_pub"
"http://peerj.com",37869484,"academia_pub"
"http://phoronix.com",25411600,"vendor"
"http://phoronix.com",6355877,"vendor"
"http://phoronix.com",37660122,"no"
"http://phoronix.com",41983503,"no_profit"
"http://phoronix.com",38040154,"no"
"http://phoronix.com",32774592,"no"
"http://phoronix.com",33573033,"no"
"http://planetarynames.wr.usgs.gov",33732609,"academia_pub"
"http://planetarynames.wr.usgs.gov",32774592,"academia_uni"
"http://planetarynames.wr.usgs.gov",35679318,"academia_uni"
"http://planetarynames.wr.usgs.gov",39731476,"academia_uni"
"http://planetarynames.wr.usgs.gov",35077410,"academia_pub"
"http://planetarynames.wr.usgs.gov",35597778,"academia_uni"
"http://pubchem.ncbi.nlm.nih.gov",21353389,"academia_pub"
"http://pubchem.ncbi.nlm.nih.gov",40950428,"academia_pub"
"http://pubchem.ncbi.nlm.nih.gov",38012668,"academia_other"
"http://pubchem.ncbi.nlm.nih.gov",42565441,"academia_uni"
"http://pubchem.ncbi.nlm.nih.gov",38427455,"academia_uni"
"http://pubchem.ncbi.nlm.nih.gov",30055681,"no"
"http://puppet.com",35679318,"no_profit"
"http://puppet.com",38040154,"no_profit"
"http://puppet.com",38040317,"vendor"
"http://puppet.com",35077410,"vendor"
"http://puppet.com",42472222,"no_profit"
"http://ratings.fide.com",40640602,"no"
"http://ratings.fide.com",40640600,"no_profit"
"http://ratings.fide.com",42471936,"no"
"http://ratings.fide.com",42402413,"vendor"
"http://ratings.fide.com",42472203,"cultural"
"http://ratings.fide.com",32717039,"no_profit"
"http://runeberg.org",38012668,"ne"
"http://runeberg.org",39332461,"cultural"
"http://runeberg.org",29971516,"ne"
"http://runeberg.org",42565441,"cultural"
"http://runeberg.org",37869484,"cultural"
"http://sites.asiasociety.org",34098122,"non_trad_news"
"http://sites.asiasociety.org",36922135,"non_trad_news"
"http://sites.asiasociety.org",42472222,"trad_news"
"http://sites.asiasociety.org",35597775,"trad_news"
"http://sites.asiasociety.org",33803814,"non_trad_news"
"http://sourceforge.net",11021010,"no"
"http://sourceforge.net",39332461,"vendor"
"http://sourceforge.net",41652222,"political"
"http://sourceforge.net",34630521,"no_profit"
"http://sourceforge.net",35673676,"no"
"http://sourceforge.net",40323250,"vendor"
"http://spamassassin.apache.org",36596402,"vendor"
"http://spamassassin.apache.org",34436396,"no_profit"
"http://spamassassin.apache.org",27985936,"no_profit"
"http://spamassassin.apache.org",42259233,"vendor"
"http://spamassassin.apache.org",42405769,"no_profit"
"http://spamassassin.apache.org",39073124,"vendor"
"http://speedskatingstats.com",36596402,"no_profit"
"http://speedskatingstats.com",33827939,"no"
"http://speedskatingstats.com",27985936,"no"
"http://speedskatingstats.com",42259233,"vendor"
"http://speedskatingstats.com",42405769,"cultural"
"http://speedskatingstats.com",15925358,"no"
"http://splitsider.com",35597778,"non_trad_news"
"http://splitsider.com",42402413,"non_trad_news"
"http://splitsider.com",42530712,"trad_news"
"http://splitsider.com",35597807,"non_trad_news"
"http://splitsider.com",33805118,"non_trad_news"
"http://sports.yahoo.com",36113457,"non_trad_news"
"http://sports.yahoo.com",39920459,"non_trad_news"
"http://sports.yahoo.com",35377304,"non_trad_news"
"http://sports.yahoo.com",37869484,"non_trad_news"
"http://sports.yahoo.com",40245758,"trad_news"
"http://support.google.com",40640602,"no_profit"
"http://support.google.com",38511900,"no_profit"
"http://support.google.com",42472271,"no_profit"
"http://support.google.com",34391904,"no_profit"
"http://support.google.com",35077324,"no"
"http://thebloxwichtelegraph.com",15439343,"non_trad_news"
"http://thebloxwichtelegraph.com",11051473,"non_trad_news"
"http://thebloxwichtelegraph.com",33827939,"trad_news"
"http://thebloxwichtelegraph.com",36596402,"trad_news"
"http://thebloxwichtelegraph.com",40297287,"non_trad_news"
"http://thebloxwichtelegraph.com",42259233,"trad_news"
"http://thedancingrest.com",40640510,"yes"
"http://thedancingrest.com",42472222,"yes"
"http://thedancingrest.com",35597775,"no"
"http://thedancingrest.com",35597733,"no"
"http://thedancingrest.com",31001292,"yes"
"http://thedancingrest.com",32655193,"yes"
"http://tools.ietf.org",32073845,"no_profit"
"http://tools.ietf.org",36531316,"no_profit"
"http://tools.ietf.org",25411600,"vendor"
"http://tools.ietf.org",36606873,"no_profit"
"http://tools.ietf.org",6355877,"no"
"http://twitter.com",42414846,"no_profit"
"http://twitter.com",25864227,"no"
"http://twitter.com",40338958,"no_profit"
"http://twitter.com",41142695,"no"
"http://twitter.com",36531316,"no_profit"
"http://uk.soccerway.com",32417589,"no_profit"
"http://uk.soccerway.com",40640600,"no_profit"
"http://uk.soccerway.com",42472271,"no"
"http://uk.soccerway.com",42471936,"cultural"
"http://uk.soccerway.com",34391904,"no"
"http://viaf.org",39920459,"cultural"
"http://viaf.org",38425753,"cultural"
"http://viaf.org",37869484,"cultural"
"http://viaf.org",40245758,"ne"
"http://viaf.org",35377304,"cultural"
"http://viaf.org",42372714,"ne"
"http://vimeo.com",40640602,"no_profit"
"http://vimeo.com",40640600,"no_profit"
"http://vimeo.com",42471936,"no"
"http://vimeo.com",42472203,"no"
"http://vimeo.com",35077385,"no_profit"
"http://vimeo.com",32717039,"no_profit"
"http://vk.com",35644614,"no"
"http://vk.com",32717039,"nw"
"http://vk.com",38164483,"nw"
"http://vk.com",33803814,"nw"
"http://vk.com",42471886,"nw"
"http://vocab.getty.edu",36621052,"academia_pub"
"http://vocab.getty.edu",11021010,"no"
"http://vocab.getty.edu",30055681,"academia_other"
"http://vocab.getty.edu",38427455,"no"
"http://vocab.getty.edu",40323250,"academia_uni"
"http://web.archive.org",33731955,"no_profit"
"http://web.archive.org",32417589,"no_profit"
"http://web.archive.org",42472271,"no"
"http://web.archive.org",40640510,"no_profit"
"http://web.archive.org",36922135,"vendor"
"http://wevegotyoucovered.buzznet.com",36113457,"non_trad_news"
"http://wevegotyoucovered.buzznet.com",39538622,"non_trad_news"
"http://wevegotyoucovered.buzznet.com",35377304,"non_trad_news"
"http://wevegotyoucovered.buzznet.com",38425753,"no"
"http://wevegotyoucovered.buzznet.com",39920459,"non_trad_news"
"http://wevegotyoucovered.buzznet.com",42372714,"non_trad_news"
"http://whc.unesco.org",33732609,"no"
"http://whc.unesco.org",32774592,"yes"
"http://whc.unesco.org",35679318,"yes"
"http://whc.unesco.org",39731476,"yes"
"http://whc.unesco.org",35077410,"yes"
"http://whc.unesco.org",35597778,"yes"
"http://www-history.mcs.st-andrews.ac.uk",33732609,"academia_pub"
"http://www-history.mcs.st-andrews.ac.uk",35679318,"academia_uni"
"http://www-history.mcs.st-andrews.ac.uk",38040317,"no"
"http://www-history.mcs.st-andrews.ac.uk",35597774,"academia_uni"
"http://www-history.mcs.st-andrews.ac.uk",33573033,"no"
"http://www.4shared.com",25411600,"vendor"
"http://www.4shared.com",36606873,"vendor"
"http://www.4shared.com",6355877,"vendor"
"http://www.4shared.com",41983503,"no_profit"
"http://www.4shared.com",39201925,"no_profit"
"http://www.4shared.com",42472244,"no"
"http://www.4shared.com",38040154,"no"
"http://www.4shared.com",35077410,"no"
"http://www.aada.edu",35597778,"academia_uni"
"http://www.aada.edu",35644614,"academia_uni"
"http://www.aada.edu",34550698,"academia_uni"
"http://www.aada.edu",38511900,"academia_uni"
"http://www.aada.edu",33573033,"academia_uni"
"http://www.aada.edu",42472203,"academia_uni"
"http://www.aada.edu",32417589,"academia_uni"
"http://www.allmusic.com",25411600,"vendor"
"http://www.allmusic.com",6355877,"vendor"
"http://www.allmusic.com",41983503,"no_profit"
"http://www.allmusic.com",38040154,"no"
"http://www.allmusic.com",32774592,"no"
"http://www.allmusic.com",38040317,"no"
"http://www.annualreviews.org",42414846,"vendor"
"http://www.annualreviews.org",25864227,"cultural"
"http://www.annualreviews.org",40338958,"vendor"
"http://www.annualreviews.org",41142695,"no"
"http://www.annualreviews.org",32073845,"cultural"
"http://www.arabianbusiness.com",33732609,"non_trad_news"
"http://www.arabianbusiness.com",35679318,"non_trad_news"
"http://www.arabianbusiness.com",38040317,"non_trad_news"
"http://www.arabianbusiness.com",32774592,"trad_news"
"http://www.arabianbusiness.com",35077410,"non_trad_news"
"http://www.archive.org",36596402,"cultural"
"http://www.archive.org",34436396,"no_profit"
"http://www.archive.org",27985936,"no"
"http://www.archive.org",42259233,"vendor"
"http://www.archive.org",42405769,"cultural"
"http://www.archive.org",39073124,"cultural"
"http://www.archlinux.org",39920459,"vendor"
"http://www.archlinux.org",38425753,"vendor"
"http://www.archlinux.org",37869484,"vendor"
"http://www.archlinux.org",40245758,"vendor"
"http://www.archlinux.org",35377304,"no_profit"
"http://www.archlinux.org",42372714,"cultural"
"http://www.artic.edu",21353389,"no"
"http://www.artic.edu",40950428,"academia_uni"
"http://www.artic.edu",38012668,"academia_other"
"http://www.artic.edu",42565441,"academia_uni"
"http://www.artic.edu",38427455,"no"
"http://www.artic.edu",30055681,"academia_other"
"http://www.artistdirect.com",42565441,"non_trad_news"
"http://www.artistdirect.com",29971516,"trad_news"
"http://www.artistdirect.com",39332461,"non_trad_news"
"http://www.artistdirect.com",41110198,"trad_news"
"http://www.artistdirect.com",39554633,"non_trad_news"
"http://www.artsbma.org",35597778,"cultural"
"http://www.artsbma.org",34550698,"cultural"
"http://www.artsbma.org",38511900,"cultural"
"http://www.artsbma.org",42024632,"cultural"
"http://www.artsbma.org",33573033,"cultural"
"http://www.artsbma.org",35597784,"no"
"http://www.artsbma.org",38040405,"cultural"
"http://www.artsjournal.com",31001292,"non_trad_news"
"http://www.artsjournal.com",39554633,"non_trad_news"
"http://www.artsjournal.com",39538622,"non_trad_news"
"http://www.artsjournal.com",41110198,"non_trad_news"
"http://www.artsjournal.com",34630521,"non_trad_news"
"http://www.artsjournal.com",39616594,"trad_news"
"http://www.artsjournal.com",40245758,"trad_news"
"http://www.audacityteam.org",36113457,"no"
"http://www.audacityteam.org",39538622,"vendor"
"http://www.audacityteam.org",35377304,"no"
"http://www.audacityteam.org",38425753,"vendor"
"http://www.audacityteam.org",39920459,"vendor"
"http://www.audacityteam.org",42372714,"vendor"
"http://www.badmintonlink.com",35644614,"ne"
"http://www.badmintonlink.com",32717039,"nw"
"http://www.badmintonlink.com",33803814,"ne"
"http://www.badmintonlink.com",42471886,"ne"
"http://www.badmintonlink.com",38040405,"no"
"http://www.bbc.co.uk",41652222,"trad_news"
"http://www.bbc.co.uk",40323250,"trad_news"
"http://www.bbc.co.uk",39554633,"trad_news"
"http://www.bbc.co.uk",41110198,"trad_news"
"http://www.bbc.co.uk",39538622,"trad_news"
"http://www.billgladstone.ca",32777849,"yes"
"http://www.billgladstone.ca",29971516,"yes"
"http://www.billgladstone.ca",36621052,"yes"
"http://www.billgladstone.ca",21353389,"yes"
"http://www.billgladstone.ca",36820845,"no"
"http://www.billgladstone.ca",11021010,"no"
"http://www.billgladstone.ca",42372714,"yes"
"http://www.bindingdb.org",41652222,"academia_uni"
"http://www.bindingdb.org",30055681,"no"
"http://www.bindingdb.org",34630521,"academia_pub"
"http://www.bindingdb.org",36113457,"no"
"http://www.bindingdb.org",15439343,"academia_uni"
"http://www.bizjournals.com",36596402,"trad_news"
"http://www.bizjournals.com",34436396,"non_trad_news"
"http://www.bizjournals.com",27985936,"non_trad_news"
"http://www.bizjournals.com",42259233,"trad_news"
"http://www.bizjournals.com",42405769,"trad_news"
"http://www.bizjournals.com",39073124,"trad_news"
"http://www.blackfilm.com",38012668,"no_profit"
"http://www.blackfilm.com",39332461,"vendor"
"http://www.blackfilm.com",29971516,"cultural"
"http://www.blackfilm.com",42565441,"no"
"http://www.blackfilm.com",37869484,"no_profit"
"http://www.blakeschool.org",33732609,"academia_uni"
"http://www.blakeschool.org",35679318,"academia_uni"
"http://www.blakeschool.org",39731476,"academia_uni"
"http://www.blakeschool.org",38040154,"academia_pub"
"http://www.blakeschool.org",35077410,"academia_uni"
"http://www.blakeschool.org",35597778,"academia_uni"
"http://www.blend4web.com",35597778,"no_profit"
"http://www.blend4web.com",34550698,"vendor"
"http://www.blend4web.com",38511900,"vendor"
"http://www.blend4web.com",42024632,"vendor"
"http://www.blend4web.com",33573033,"vendor"
"http://www.blend4web.com",35597784,"no_profit"
"http://www.blend4web.com",38040405,"vendor"
"http://www.boxofficemojo.com",25411600,"vendor"
"http://www.boxofficemojo.com",36606873,"no_profit"
"http://www.boxofficemojo.com",6355877,"vendor"
"http://www.boxofficemojo.com",37660122,"no_profit"
"http://www.boxofficemojo.com",39201925,"no"
"http://www.boxofficemojo.com",42472244,"no"
"http://www.boxofficemojo.com",32774592,"no"
"http://www.boxofficemojo.com",35077410,"no"
"http://www.bristol.ac.uk",35679318,"academia_uni"
"http://www.bristol.ac.uk",38040317,"academia_uni"
"http://www.bristol.ac.uk",34550698,"academia_uni"
"http://www.bristol.ac.uk",42024632,"academia_uni"
"http://www.bristol.ac.uk",35597784,"academia_uni"
"http://www.bristol.ac.uk",42472203,"academia_uni"
"http://www.bristol.ac.uk",32417589,"academia_uni"
"http://www.bristol.ac.uk",42472222,"academia_uni"
"http://www.britannica.com",38012668,"no_profit"
"http://www.britannica.com",39332461,"cultural"
"http://www.britannica.com",29971516,"cultural"
"http://www.britannica.com",42565441,"cultural"
"http://www.britannica.com",37869484,"no_profit"
"http://www.britishlistedbuildings.co.uk",33731955,"no_profit"
"http://www.britishlistedbuildings.co.uk",32417589,"no_profit"
"http://www.britishlistedbuildings.co.uk",42472271,"cultural"
"http://www.britishlistedbuildings.co.uk",40640510,"no_profit"
"http://www.britishlistedbuildings.co.uk",35597775,"no_profit"
"http://www.britishmuseum.org",35597807,"cultural"
"http://www.britishmuseum.org",38164483,"cultural"
"http://www.britishmuseum.org",33731955,"cultural"
"http://www.britishmuseum.org",42471779,"cultural"
"http://www.britishmuseum.org",34098122,"cultural"
"http://www.brooklynmuseum.org",36621052,"cultural"
"http://www.brooklynmuseum.org",11021010,"cultural"
"http://www.brooklynmuseum.org",30055681,"cultural"
"http://www.brooklynmuseum.org",38427455,"cultural"
"http://www.brooklynmuseum.org",40323250,"cultural"
"http://www.businessinsider.com",32417589,"non_trad_news"
"http://www.businessinsider.com",40640600,"trad_news"
"http://www.businessinsider.com",38164483,"non_trad_news"
"http://www.businessinsider.com",42471936,"trad_news"
"http://www.businessinsider.com",34391904,"non_trad_news"
"http://www.bvbinfo.com",32073845,"cultural"
"http://www.bvbinfo.com",36531316,"political"
"http://www.bvbinfo.com",25411600,"vendor"
"http://www.bvbinfo.com",36606873,"no_profit"
"http://www.bvbinfo.com",6355877,"no_profit"
"http://www.canada.com",25411600,"non_trad_news"
"http://www.canada.com",6355877,"non_trad_news"
"http://www.canada.com",37660122,"non_trad_news"
"http://www.canada.com",41983503,"non_trad_news"
"http://www.canada.com",38040154,"non_trad_news"
"http://www.canada.com",32774592,"trad_news"
"http://www.canada.com",33573033,"non_trad_news"
"http://www.catholic-hierarchy.org",36596402,"political"
"http://www.catholic-hierarchy.org",34436396,"political"
"http://www.catholic-hierarchy.org",27985936,"political"
"http://www.catholic-hierarchy.org",42259233,"political"
"http://www.catholic-hierarchy.org",42405769,"political"
"http://www.catholic-hierarchy.org",39073124,"political"
"http://www.cb300.com",35597784,"no"
"http://www.cb300.com",35644614,"no"
"http://www.cb300.com",33803814,"cultural"
"http://www.cb300.com",42471886,"cultural"
"http://www.cb300.com",38040405,"no"
"http://www.cdbaby.com",27985936,"vendor"
"http://www.cdbaby.com",42405769,"vendor"
"http://www.cdbaby.com",42414846,"vendor"
"http://www.cdbaby.com",39073124,"vendor"
"http://www.cdbaby.com",40338958,"vendor"
"http://www.census.gov",36596402,"yes"
"http://www.census.gov",34436396,"yes"
"http://www.census.gov",27985936,"yes"
"http://www.census.gov",42259233,"yes"
"http://www.census.gov",42405769,"yes"
"http://www.census.gov",39073124,"yes"
"http://www.ciaaw.org",31001292,"academia_pub"
"http://www.ciaaw.org",39554633,"academia_uni"
"http://www.ciaaw.org",39538622,"academia_pub"
"http://www.ciaaw.org",41110198,"academia_uni"
"http://www.ciaaw.org",34630521,"academia_uni"
"http://www.ciaaw.org",39616594,"academia_pub"
"http://www.ciaaw.org",40245758,"academia_uni"
"http://www.cineplex.com",38012668,"vendor"
"http://www.cineplex.com",39332461,"vendor"
"http://www.cineplex.com",29971516,"no_profit"
"http://www.cineplex.com",42565441,"vendor"
"http://www.cineplex.com",37869484,"vendor"
"http://www.clsp.jhu.edu",25864227,"academia_uni"
"http://www.clsp.jhu.edu",40338958,"academia_uni"
"http://www.clsp.jhu.edu",41142695,"academia_uni"
"http://www.clsp.jhu.edu",32073845,"academia_uni"
"http://www.clsp.jhu.edu",36531316,"academia_uni"
"http://www.coolantarctica.com",35597784,"yes"
"http://www.coolantarctica.com",38511900,"yes"
"http://www.coolantarctica.com",42472271,"yes"
"http://www.coolantarctica.com",34391904,"yes"
"http://www.coolantarctica.com",35077324,"yes"
"http://www.crawltrack.net",41652222,"vendor"
"http://www.crawltrack.net",30055681,"vendor"
"http://www.crawltrack.net",34630521,"no"
"http://www.crawltrack.net",36113457,"vendor"
"http://www.crawltrack.net",15439343,"no_profit"
"http://www.crunchbase.com",36621052,"no"
"http://www.crunchbase.com",11021010,"nw"
"http://www.crunchbase.com",30055681,"no"
"http://www.crunchbase.com",38427455,"vendor"
"http://www.crunchbase.com",40323250,"cultural"
"http://www.culturalheritage.gov.mt",35597778,"yes"
"http://www.culturalheritage.gov.mt",35644614,"no"
"http://www.culturalheritage.gov.mt",35597774,"yes"
"http://www.culturalheritage.gov.mt",34391904,"yes"
"http://www.culturalheritage.gov.mt",40640602,"yes"
"http://www.cyclingnews.com",39920459,"non_trad_news"
"http://www.cyclingnews.com",38425753,"no"
"http://www.cyclingnews.com",37869484,"non_trad_news"
"http://www.cyclingnews.com",40245758,"trad_news"
"http://www.cyclingnews.com",35377304,"non_trad_news"
"http://www.cyclingnews.com",42372714,"non_trad_news"
"http://www.darkhorse.com",31001292,"no"
"http://www.darkhorse.com",39554633,"non_trad_news"
"http://www.darkhorse.com",39538622,"non_trad_news"
"http://www.darkhorse.com",41110198,"trad_news"
"http://www.darkhorse.com",34630521,"non_trad_news"
"http://www.darkhorse.com",39616594,"no"
"http://www.darkhorse.com",40245758,"trad_news"
"http://www.debian.org",21353389,"no_profit"
"http://www.debian.org",40950428,"vendor"
"http://www.debian.org",38012668,"ne"
"http://www.debian.org",38427455,"no_profit"
"http://www.debian.org",36946810,"vendor"
"http://www.debian.org",36621052,"no"
"http://www.discogs.com",39920459,"vendor"
"http://www.discogs.com",38425753,"no"
"http://www.discogs.com",37869484,"vendor"
"http://www.discogs.com",40245758,"ne"
"http://www.discogs.com",35377304,"vendor"
"http://www.discogs.com",42372714,"cultural"
"http://www.dnw.co.uk",36596402,"vendor"
"http://www.dnw.co.uk",34436396,"vendor"
"http://www.dnw.co.uk",27985936,"no_profit"
"http://www.dnw.co.uk",42259233,"political"
"http://www.dnw.co.uk",42405769,"vendor"
"http://www.dnw.co.uk",39073124,"vendor"
"http://www.dubaicityguide.com",41652222,"cultural"
"http://www.dubaicityguide.com",30055681,"no"
"http://www.dubaicityguide.com",34630521,"no"
"http://www.dubaicityguide.com",36113457,"no"
"http://www.dubaicityguide.com",15439343,"vendor"
"http://www.dulwichpicturegallery.org.uk",42414846,"cultural"
"http://www.dulwichpicturegallery.org.uk",25864227,"cultural"
"http://www.dulwichpicturegallery.org.uk",40338958,"cultural"
"http://www.dulwichpicturegallery.org.uk",41142695,"cultural"
"http://www.dulwichpicturegallery.org.uk",36531316,"cultural"
"http://www.e-yearbook.com",41652222,"vendor"
"http://www.e-yearbook.com",40323250,"vendor"
"http://www.e-yearbook.com",39554633,"no_profit"
"http://www.e-yearbook.com",41110198,"vendor"
"http://www.e-yearbook.com",39538622,"vendor"
"http://www.edanhughes.com",35597784,"yes"
"http://www.edanhughes.com",34098122,"yes"
"http://www.edanhughes.com",35597775,"yes"
"http://www.edanhughes.com",39140287,"yes"
"http://www.edanhughes.com",33803814,"yes"
"http://www.entente-ee.com",40640602,"no"
"http://www.entente-ee.com",40640600,"cultural"
"http://www.entente-ee.com",42471936,"no_profit"
"http://www.entente-ee.com",42402413,"cultural"
"http://www.entente-ee.com",38040405,"ne"
"http://www.esrb.org",34417954,"cultural"
"http://www.esrb.org",38511900,"no_profit"
"http://www.esrb.org",35644614,"vendor"
"http://www.esrb.org",34550698,"vendor"
"http://www.esrb.org",35077385,"no_profit"
"http://www.esrb.org",38164483,"no_profit"
"http://www.esrb.org",42472222,"no_profit"
"http://www.eurodressage.com",33732609,"non_trad_news"
"http://www.eurodressage.com",35679318,"non_trad_news"
"http://www.eurodressage.com",38040317,"non_trad_news"
"http://www.eurodressage.com",35597774,"non_trad_news"
"http://www.eurodressage.com",33573033,"non_trad_news"
"http://www.eurohandball.com",42414846,"vendor"
"http://www.eurohandball.com",25864227,"no"
"http://www.eurohandball.com",40338958,"no_profit"
"http://www.eurohandball.com",41142695,"no_profit"
"http://www.eurohandball.com",36531316,"political"
"http://www.europarl.europa.eu",40640600,"yes"
"http://www.europarl.europa.eu",42471936,"yes"
"http://www.europarl.europa.eu",42472203,"yes"
"http://www.europarl.europa.eu",35077385,"yes"
"http://www.europarl.europa.eu",32717039,"yes"
"http://www.europarl.europa.eu",35597791,"yes"
"http://www.fifa.com",25411600,"vendor"
"http://www.fifa.com",36606873,"no_profit"
"http://www.fifa.com",6355877,"vendor"
"http://www.fifa.com",41983503,"no_profit"
"http://www.fifa.com",39201925,"no"
"http://www.fifa.com",42472244,"no"
"http://www.fifa.com",38040154,"cultural"
"http://www.fifa.com",35077410,"no_profit"
"http://www.fifthharmonyofficial.com",35679318,"no"
"http://www.fifthharmonyofficial.com",38040154,"no"
"http://www.fifthharmonyofficial.com",38040317,"no"
"http://www.fifthharmonyofficial.com",35077410,"no"
"http://www.fifthharmonyofficial.com",42472222,"no_profit"
"http://www.filmreference.com",27985936,"no"
"http://www.filmreference.com",42405769,"non_trad_news"
"http://www.filmreference.com",42414846,"non_trad_news"
"http://www.filmreference.com",39073124,"trad_news"
"http://www.filmreference.com",40338958,"non_trad_news"
"http://www.findagrave.com",36596402,"no_profit"
"http://www.findagrave.com",33827939,"no"
"http://www.findagrave.com",27985936,"no"
"http://www.findagrave.com",42259233,"vendor"
"http://www.findagrave.com",42405769,"cultural"
"http://www.findagrave.com",15925358,"no"
"http://www.fivb.org",42565441,"no_profit"
"http://www.fivb.org",29971516,"no_profit"
"http://www.fivb.org",39332461,"no_profit"
"http://www.fivb.org",41110198,"no_profit"
"http://www.fivb.org",39554633,"no_profit"
"http://www.fundacionbancosantander.com",15439343,"cultural"
"http://www.fundacionbancosantander.com",11051473,"no"
"http://www.fundacionbancosantander.com",33827939,"vendor"
"http://www.fundacionbancosantander.com",36596402,"cultural"
"http://www.fundacionbancosantander.com",40297287,"political"
"http://www.fundacionbancosantander.com",42259233,"ne"
"http://www.futhead.com",35597784,"no"
"http://www.futhead.com",34098122,"vendor"
"http://www.futhead.com",36922135,"vendor"
"http://www.futhead.com",35597775,"no_profit"
"http://www.futhead.com",33803814,"no"
"http://www.fye.com",21353389,"vendor"
"http://www.fye.com",40950428,"vendor"
"http://www.fye.com",38012668,"vendor"
"http://www.fye.com",38427455,"vendor"
"http://www.fye.com",36946810,"vendor"
"http://www.fye.com",36621052,"no"
"http://www.gc-cup.com",35597778,"ne"
"http://www.gc-cup.com",34550698,"ne"
"http://www.gc-cup.com",38511900,"ne"
"http://www.gc-cup.com",42024632,"no_profit"
"http://www.gc-cup.com",33573033,"ne"
"http://www.gc-cup.com",35597784,"ne"
"http://www.gc-cup.com",38040405,"no"
"http://www.genealogy.math.ndsu.nodak.edu",34417954,"academia_uni"
"http://www.genealogy.math.ndsu.nodak.edu",40640602,"academia_pub"
"http://www.genealogy.math.ndsu.nodak.edu",42402413,"academia_pub"
"http://www.genealogy.math.ndsu.nodak.edu",35597774,"academia_pub"
"http://www.genealogy.math.ndsu.nodak.edu",32655193,"academia_uni"
"http://www.genealogy.math.ndsu.nodak.edu",39140287,"academia_uni"
"http://www.genome.gov",33732609,"yes"
"http://www.genome.gov",35679318,"yes"
"http://www.genome.gov",39731476,"yes"
"http://www.genome.gov",38040154,"yes"
"http://www.genome.gov",35077410,"yes"
"http://www.genome.gov",35597778,"yes"
"http://www.geonames.org",35644614,"no"
"http://www.geonames.org",35597774,"no"
"http://www.geonames.org",34391904,"no"
"http://www.geonames.org",40640602,"vendor"
"http://www.geonames.org",42402413,"no_profit"
"http://www.geopostcodes.com",36113457,"no"
"http://www.geopostcodes.com",39538622,"vendor"
"http://www.geopostcodes.com",35377304,"no_profit"
"http://www.geopostcodes.com",38425753,"no"
"http://www.geopostcodes.com",39920459,"vendor"
"http://www.geopostcodes.com",42372714,"vendor"
"http://www.getty.edu",32777849,"cultural"
"http://www.getty.edu",29971516,"cultural"
"http://www.getty.edu",36621052,"cultural"
"http://www.getty.edu",21353389,"cultural"
"http://www.getty.edu",36820845,"cultural"
"http://www.getty.edu",11021010,"cultural"
"http://www.getty.edu",42372714,"cultural"
"http://www.ghostscript.com",32417589,"no_profit"
"http://www.ghostscript.com",40640510,"no_profit"
"http://www.ghostscript.com",42472222,"no_profit"
"http://www.ghostscript.com",35597775,"no_profit"
"http://www.ghostscript.com",35597733,"no_profit"
"http://www.gmv.com",33732609,"no_profit"
"http://www.gmv.com",35679318,"no_profit"
"http://www.gmv.com",38040317,"cultural"
"http://www.gmv.com",35597774,"cultural"
"http://www.gmv.com",33573033,"cultural"
"http://www.gracesguide.co.uk",25864227,"no"
"http://www.gracesguide.co.uk",41142695,"no_profit"
"http://www.gracesguide.co.uk",32073845,"cultural"
"http://www.gracesguide.co.uk",36531316,"cultural"
"http://www.gracesguide.co.uk",36606873,"no_profit"
"http://www.guggenheim.org",38164483,"cultural"
"http://www.guggenheim.org",32417589,"cultural"
"http://www.guggenheim.org",32717039,"no_profit"
"http://www.guggenheim.org",42472271,"cultural"
"http://www.guggenheim.org",42471936,"no_profit"
"http://www.hardcoregamer.com",38164483,"no"
"http://www.hardcoregamer.com",32417589,"non_trad_news"
"http://www.hardcoregamer.com",42472271,"no"
"http://www.hardcoregamer.com",42471936,"trad_news"
"http://www.hardcoregamer.com",34391904,"non_trad_news"
"http://www.henry-moore.org",36113457,"political"
"http://www.henry-moore.org",39538622,"political"
"http://www.henry-moore.org",35377304,"cultural"
"http://www.henry-moore.org",38425753,"cultural"
"http://www.henry-moore.org",39920459,"political"
"http://www.henry-moore.org",42372714,"cultural"
"http://www.hermitagemuseum.org",35679318,"no_profit"
"http://www.hermitagemuseum.org",38040317,"cultural"
"http://www.hermitagemuseum.org",35077410,"cultural"
"http://www.hermitagemuseum.org",42024632,"cultural"
"http://www.hermitagemuseum.org",35597784,"cultural"
"http://www.hermitagemuseum.org",42472222,"cultural"
"http://www.hewlett.org",25864227,"no"
"http://www.hewlett.org",40338958,"no_profit"
"http://www.hewlett.org",41142695,"political"
"http://www.hewlett.org",32073845,"cultural"
"http://www.hewlett.org",36531316,"political"
"http://www.historicengland.org.uk",36596402,"cultural"
"http://www.historicengland.org.uk",33827939,"cultural"
"http://www.historicengland.org.uk",27985936,"no"
"http://www.historicengland.org.uk",42259233,"cultural"
"http://www.historicengland.org.uk",42405769,"cultural"
"http://www.historicengland.org.uk",15925358,"cultural"
"http://www.historyofparliamentonline.org",40640600,"political"
"http://www.historyofparliamentonline.org",35597807,"political"
"http://www.historyofparliamentonline.org",32717039,"political"
"http://www.historyofparliamentonline.org",33731955,"political"
"http://www.historyofparliamentonline.org",35597791,"no_profit"
"http://www.hmdb.ca",41652222,"no"
"http://www.hmdb.ca",30055681,"no_profit"
"http://www.hmdb.ca",34630521,"no"
"http://www.hmdb.ca",36113457,"no"
"http://www.hmdb.ca",15439343,"no_profit"
"http://www.holyhead.com",32777849,"yes"
"http://www.holyhead.com",29971516,"yes"
"http://www.holyhead.com",36621052,"yes"
"http://www.holyhead.com",21353389,"yes"
"http://www.holyhead.com",36820845,"no"
"http://www.holyhead.com",11021010,"no"
"http://www.holyhead.com",42372714,"yes"
"http://www.huffingtonpost.com",21353389,"non_trad_news"
"http://www.huffingtonpost.com",40950428,"trad_news"
"http://www.huffingtonpost.com",38012668,"trad_news"
"http://www.huffingtonpost.com",42565441,"trad_news"
"http://www.huffingtonpost.com",38427455,"non_trad_news"
"http://www.huffingtonpost.com",30055681,"non_trad_news"
"http://www.ibdb.com",41652222,"vendor"
"http://www.ibdb.com",40323250,"vendor"
"http://www.ibdb.com",39554633,"no_profit"
"http://www.ibdb.com",41110198,"cultural"
"http://www.ibdb.com",39538622,"no_profit"
"http://www.icheckmovies.com",41652222,"vendor"
"http://www.icheckmovies.com",30055681,"no"
"http://www.icheckmovies.com",34630521,"no"
"http://www.icheckmovies.com",36113457,"no"
"http://www.icheckmovies.com",15439343,"no_profit"
"http://www.imaginenews.com",34417954,"non_trad_news"
"http://www.imaginenews.com",38511900,"non_trad_news"
"http://www.imaginenews.com",34550698,"non_trad_news"
"http://www.imaginenews.com",35077385,"trad_news"
"http://www.imaginenews.com",38164483,"non_trad_news"
"http://www.imaginenews.com",36922135,"non_trad_news"
"http://www.imaginenews.com",42472222,"non_trad_news"
"http://www.imdb.com",25411600,"vendor"
"http://www.imdb.com",36606873,"no_profit"
"http://www.imdb.com",6355877,"vendor"
"http://www.imdb.com",41983503,"no_profit"
"http://www.imdb.com",39201925,"no"
"http://www.imdb.com",42472244,"no"
"http://www.imdb.com",38040154,"no"
"http://www.imdb.com",35077410,"cultural"
"http://www.independent.co.uk",11021010,"no"
"http://www.independent.co.uk",39332461,"trad_news"
"http://www.independent.co.uk",41652222,"trad_news"
"http://www.independent.co.uk",34630521,"trad_news"
"http://www.independent.co.uk",35673676,"non_trad_news"
"http://www.independent.co.uk",40323250,"trad_news"
"http://www.infoplease.com",41652222,"vendor"
"http://www.infoplease.com",30055681,"no"
"http://www.infoplease.com",34630521,"no"
"http://www.infoplease.com",36113457,"no"
"http://www.infoplease.com",15439343,"no_profit"
"http://www.instagram.com",35597807,"nw"
"http://www.instagram.com",33731955,"no_profit"
"http://www.instagram.com",42471779,"no_profit"
"http://www.instagram.com",34098122,"nw"
"http://www.instagram.com",36922135,"nw"
"http://www.issf-sports.org",33732609,"no_profit"
"http://www.issf-sports.org",38040317,"no_profit"
"http://www.issf-sports.org",32774592,"no"
"http://www.issf-sports.org",35597774,"no_profit"
"http://www.issf-sports.org",33573033,"no"
"http://www.ittf.com",33731955,"no_profit"
"http://www.ittf.com",32417589,"no_profit"
"http://www.ittf.com",42472271,"no"
"http://www.ittf.com",34098122,"no"
"http://www.ittf.com",36922135,"vendor"
"http://www.itu.int",42414846,"yes"
"http://www.itu.int",25864227,"yes"
"http://www.itu.int",40338958,"yes"
"http://www.itu.int",41142695,"no"
"http://www.itu.int",32073845,"yes"
"http://www.johnkcastle.com",36596402,"yes"
"http://www.johnkcastle.com",33827939,"yes"
"http://www.johnkcastle.com",27985936,"yes"
"http://www.johnkcastle.com",42259233,"yes"
"http://www.johnkcastle.com",42405769,"yes"
"http://www.johnkcastle.com",15925358,"yes"
"http://www.jrrio.com",27985936,"yes"
"http://www.jrrio.com",42405769,"yes"
"http://www.jrrio.com",42414846,"yes"
"http://www.jrrio.com",39073124,"yes"
"http://www.jrrio.com",40338958,"yes"
"http://www.judoinside.com",33731955,"trad_news"
"http://www.judoinside.com",42472271,"non_trad_news"
"http://www.judoinside.com",42471779,"non_trad_news"
"http://www.judoinside.com",34098122,"non_trad_news"
"http://www.judoinside.com",36922135,"non_trad_news"
"http://www.jukely.com",35597778,"no"
"http://www.jukely.com",42530712,"no_profit"
"http://www.jukely.com",40640602,"no"
"http://www.jukely.com",35597807,"vendor"
"http://www.jukely.com",33805118,"no"
"http://www.kde.org",42414846,"vendor"
"http://www.kde.org",25864227,"no"
"http://www.kde.org",40338958,"vendor"
"http://www.kde.org",41142695,"vendor"
"http://www.kde.org",36531316,"no_profit"
"http://www.khronos.org",32073845,"cultural"
"http://www.khronos.org",36531316,"no_profit"
"http://www.khronos.org",25411600,"vendor"
"http://www.khronos.org",36606873,"vendor"
"http://www.khronos.org",6355877,"vendor"
"http://www.laquadrature.net",36113457,"no_profit"
"http://www.laquadrature.net",39920459,"political"
"http://www.laquadrature.net",35377304,"political"
"http://www.laquadrature.net",37869484,"political"
"http://www.laquadrature.net",40245758,"nw"
"http://www.legacy.com",21353389,"non_trad_news"
"http://www.legacy.com",40950428,"trad_news"
"http://www.legacy.com",38012668,"non_trad_news"
"http://www.legacy.com",42565441,"non_trad_news"
"http://www.legacy.com",38427455,"non_trad_news"
"http://www.legacy.com",30055681,"non_trad_news"
"http://www.leparcorama.com",15439343,"yes"
"http://www.leparcorama.com",11051473,"yes"
"http://www.leparcorama.com",33827939,"yes"
"http://www.leparcorama.com",36596402,"yes"
"http://www.leparcorama.com",40297287,"no"
"http://www.leparcorama.com",42259233,"ne"
"http://www.liferay.com",36113457,"vendor"
"http://www.liferay.com",39920459,"vendor"
"http://www.liferay.com",35377304,"vendor"
"http://www.liferay.com",37869484,"vendor"
"http://www.liferay.com",40245758,"ne"
"http://www.liveleak.com",35597778,"non_trad_news"
"http://www.liveleak.com",35644614,"non_trad_news"
"http://www.liveleak.com",38511900,"nw"
"http://www.liveleak.com",33573033,"nw"
"http://www.liveleak.com",40640602,"nw"
"http://www.livius.org",35597784,"yes"
"http://www.livius.org",34098122,"no"
"http://www.livius.org",36922135,"no"
"http://www.livius.org",35597775,"ne"
"http://www.livius.org",33803814,"yes"
"http://www.lulu.com",35597784,"vendor"
"http://www.lulu.com",38511900,"no"
"http://www.lulu.com",35644614,"vendor"
"http://www.lulu.com",38040405,"no"
"http://www.lulu.com",35077324,"vendor"
"http://www.lutyenstrust.org.uk",21353389,"cultural"
"http://www.lutyenstrust.org.uk",40950428,"cultural"
"http://www.lutyenstrust.org.uk",38012668,"cultural"
"http://www.lutyenstrust.org.uk",38427455,"cultural"
"http://www.lutyenstrust.org.uk",36946810,"cultural"
"http://www.lutyenstrust.org.uk",36621052,"no"
"http://www.lynnnews.co.uk",36596402,"trad_news"
"http://www.lynnnews.co.uk",33827939,"trad_news"
"http://www.lynnnews.co.uk",27985936,"non_trad_news"
"http://www.lynnnews.co.uk",42259233,"trad_news"
"http://www.lynnnews.co.uk",42405769,"trad_news"
"http://www.lynnnews.co.uk",15925358,"trad_news"
"http://www.mba.ac.uk",42565441,"academia_uni"
"http://www.mba.ac.uk",29971516,"academia_uni"
"http://www.mba.ac.uk",39332461,"academia_uni"
"http://www.mba.ac.uk",41110198,"academia_uni"
"http://www.mba.ac.uk",39554633,"academia_uni"
"http://www.metacritic.com",32073845,"non_trad_news"
"http://www.metacritic.com",25411600,"non_trad_news"
"http://www.metacritic.com",36606873,"non_trad_news"
"http://www.metacritic.com",6355877,"non_trad_news"
"http://www.metacritic.com",41983503,"non_trad_news"
"http://www.metacritic.com",38040154,"non_trad_news"
"http://www.metalstorm.net",35597807,"trad_news"
"http://www.metalstorm.net",38164483,"non_trad_news"
"http://www.metalstorm.net",33731955,"trad_news"
"http://www.metalstorm.net",42471779,"non_trad_news"
"http://www.metalstorm.net",34098122,"non_trad_news"
"http://www.metmuseum.org",40640600,"cultural"
"http://www.metmuseum.org",38164483,"cultural"
"http://www.metmuseum.org",35597807,"cultural"
"http://www.metmuseum.org",32717039,"no_profit"
"http://www.metmuseum.org",33731955,"cultural"
"http://www.mfa.org",41652222,"cultural"
"http://www.mfa.org",40323250,"cultural"
"http://www.mfa.org",39554633,"cultural"
"http://www.mfa.org",41110198,"cultural"
"http://www.mfa.org",39538622,"cultural"
"http://www.microsofttranslator.com",41652222,"vendor"
"http://www.microsofttranslator.com",40323250,"vendor"
"http://www.microsofttranslator.com",39554633,"no_profit"
"http://www.microsofttranslator.com",41110198,"vendor"
"http://www.microsofttranslator.com",39538622,"vendor"
"http://www.moma.org",36113457,"cultural"
"http://www.moma.org",39538622,"cultural"
"http://www.moma.org",35377304,"cultural"
"http://www.moma.org",38425753,"cultural"
"http://www.moma.org",39920459,"cultural"
"http://www.moma.org",42372714,"vendor"
"http://www.mozilla.org",35679318,"no_profit"
"http://www.mozilla.org",38040154,"cultural"
"http://www.mozilla.org",38040317,"no_profit"
"http://www.mozilla.org",35077410,"no_profit"
"http://www.mozilla.org",42472222,"no_profit"
"http://www.music-bazaar.com",33731955,"no_profit"
"http://www.music-bazaar.com",32417589,"vendor"
"http://www.music-bazaar.com",40640510,"no_profit"
"http://www.music-bazaar.com",42472222,"no_profit"
"http://www.music-bazaar.com",35597775,"no_profit"
"http://www.nationalgallery.org.uk",34417954,"cultural"
"http://www.nationalgallery.org.uk",40640602,"cultural"
"http://www.nationalgallery.org.uk",42402413,"cultural"
"http://www.nationalgallery.org.uk",35597774,"cultural"
"http://www.nationalgallery.org.uk",34391904,"cultural"
"http://www.nationalgallery.org.uk",32655193,"no"
"http://www.nationaltrustcollections.org.uk",36621052,"cultural"
"http://www.nationaltrustcollections.org.uk",11021010,"cultural"
"http://www.nationaltrustcollections.org.uk",30055681,"cultural"
"http://www.nationaltrustcollections.org.uk",38427455,"cultural"
"http://www.nationaltrustcollections.org.uk",40323250,"cultural"
"http://www.ncbi.nlm.nih.gov",40640600,"academia_uni"
"http://www.ncbi.nlm.nih.gov",42471936,"academia_uni"
"http://www.ncbi.nlm.nih.gov",42472203,"academia_uni"
"http://www.ncbi.nlm.nih.gov",35077385,"academia_other"
"http://www.ncbi.nlm.nih.gov",32717039,"academia_other"
"http://www.ncbi.nlm.nih.gov",35597791,"academia_uni"
"http://www.newyorker.com",32717039,"nw"
"http://www.newyorker.com",38164483,"trad_news"
"http://www.newyorker.com",33803814,"trad_news"
"http://www.newyorker.com",42471886,"trad_news"
"http://www.newyorker.com",38040405,"non_trad_news"
"http://www.nfl.com",35644614,"no"
"http://www.nfl.com",35597774,"no"
"http://www.nfl.com",34391904,"no"
"http://www.nfl.com",40640602,"no"
"http://www.nfl.com",42402413,"cultural"
"http://www.nga.gov",15439343,"cultural"
"http://www.nga.gov",11051473,"cultural"
"http://www.nga.gov",33827939,"cultural"
"http://www.nga.gov",36596402,"cultural"
"http://www.nga.gov",40297287,"cultural"
"http://www.nga.gov",42259233,"cultural"
"http://www.nme.com",33732609,"no"
"http://www.nme.com",38040317,"non_trad_news"
"http://www.nme.com",32774592,"trad_news"
"http://www.nme.com",33573033,"non_trad_news"
"http://www.nme.com",35077385,"non_trad_news"
"http://www.nndb.com",42414846,"yes"
"http://www.nndb.com",25864227,"no"
"http://www.nndb.com",40338958,"yes"
"http://www.nndb.com",41142695,"yes"
"http://www.nndb.com",32073845,"yes"
"http://www.nndc.bnl.gov",39920459,"academia_pub"
"http://www.nndc.bnl.gov",38425753,"academia_uni"
"http://www.nndc.bnl.gov",37869484,"academia_uni"
"http://www.nndc.bnl.gov",40245758,"academia_uni"
"http://www.nndc.bnl.gov",35377304,"academia_pub"
"http://www.nndc.bnl.gov",42372714,"academia_uni"
"http://www.nytimes.com",35644614,"non_trad_news"
"http://www.nytimes.com",35597774,"non_trad_news"
"http://www.nytimes.com",34391904,"non_trad_news"
"http://www.nytimes.com",40640602,"trad_news"
"http://www.nytimes.com",42402413,"trad_news"
"http://www.ofcom.org.uk",36113457,"vendor"
"http://www.ofcom.org.uk",39920459,"no"
"http://www.ofcom.org.uk",35377304,"no"
"http://www.ofcom.org.uk",37869484,"vendor"
"http://www.ofcom.org.uk",40245758,"political"
"http://www.opensubtitles.org",42565441,"no"
"http://www.opensubtitles.org",29971516,"nw"
"http://www.opensubtitles.org",39332461,"no"
"http://www.opensubtitles.org",41110198,"no_profit"
"http://www.opensubtitles.org",39554633,"no_profit"
"http://www.openvas.org",25864227,"no"
"http://www.openvas.org",41142695,"vendor"
"http://www.openvas.org",32073845,"no_profit"
"http://www.openvas.org",36531316,"no_profit"
"http://www.openvas.org",36606873,"vendor"
"http://www.oregonencyclopedia.org",42565441,"cultural"
"http://www.oregonencyclopedia.org",29971516,"cultural"
"http://www.oregonencyclopedia.org",39332461,"cultural"
"http://www.oregonencyclopedia.org",41110198,"cultural"
"http://www.oregonencyclopedia.org",39554633,"cultural"
"http://www.oxforddnb.com",35597774,"academia_pub"
"http://www.oxforddnb.com",34391904,"academia_pub"
"http://www.oxforddnb.com",42530712,"academia_pub"
"http://www.oxforddnb.com",40640602,"academia_pub"
"http://www.oxforddnb.com",42402413,"academia_uni"
"http://www.oxfordmusiconline.com",25864227,"no"
"http://www.oxfordmusiconline.com",41142695,"vendor"
"http://www.oxfordmusiconline.com",32073845,"cultural"
"http://www.oxfordmusiconline.com",36531316,"no"
"http://www.oxfordmusiconline.com",36606873,"vendor"
"http://www.pafa.org",38012668,"academia_other"
"http://www.pafa.org",39332461,"academia_uni"
"http://www.pafa.org",29971516,"academia_uni"
"http://www.pafa.org",42565441,"academia_uni"
"http://www.pafa.org",37869484,"academia_uni"
"http://www.pastscape.org.uk",36113457,"no"
"http://www.pastscape.org.uk",39920459,"cultural"
"http://www.pastscape.org.uk",35377304,"cultural"
"http://www.pastscape.org.uk",37869484,"cultural"
"http://www.pastscape.org.uk",40245758,"cultural"
"http://www.philamuseum.org",40640600,"cultural"
"http://www.philamuseum.org",35597807,"cultural"
"http://www.philamuseum.org",35077385,"cultural"
"http://www.philamuseum.org",33731955,"cultural"
"http://www.philamuseum.org",35597791,"no_profit"
"http://www.phillipscollection.org",42402413,"cultural"
"http://www.phillipscollection.org",34417954,"cultural"
"http://www.phillipscollection.org",38511900,"cultural"
"http://www.phillipscollection.org",35644614,"vendor"
"http://www.phillipscollection.org",34550698,"no_profit"
"http://www.phillipscollection.org",42472203,"no_profit"
"http://www.phillipscollection.org",35077385,"no_profit"
"http://www.phillipscollection.org",32417589,"cultural"
"http://www.poetsgraves.co.uk",42565441,"cultural"
"http://www.poetsgraves.co.uk",29971516,"no_profit"
"http://www.poetsgraves.co.uk",39332461,"no"
"http://www.poetsgraves.co.uk",41110198,"cultural"
"http://www.poetsgraves.co.uk",39554633,"no_profit"
"http://www.procyclingstats.com",35597784,"non_trad_news"
"http://www.procyclingstats.com",42402413,"non_trad_news"
"http://www.procyclingstats.com",35597775,"non_trad_news"
"http://www.procyclingstats.com",39140287,"non_trad_news"
"http://www.procyclingstats.com",33803814,"no"
"http://www.profilecanada.com",32777849,"vendor"
"http://www.profilecanada.com",29971516,"no_profit"
"http://www.profilecanada.com",36621052,"no"
"http://www.profilecanada.com",21353389,"no_profit"
"http://www.profilecanada.com",36820845,"no_profit"
"http://www.profilecanada.com",11021010,"no"
"http://www.profilecanada.com",42372714,"vendor"
"http://www.progarchives.com",35597778,"no"
"http://www.progarchives.com",42402413,"vendor"
"http://www.progarchives.com",42530712,"no"
"http://www.progarchives.com",35597807,"vendor"
"http://www.progarchives.com",33805118,"no"
"http://www.pulitzer.org",6355877,"cultural"
"http://www.pulitzer.org",32774592,"cultural"
"http://www.pulitzer.org",33732609,"no_profit"
"http://www.pulitzer.org",38040317,"cultural"
"http://www.pulitzer.org",35077385,"no_profit"
"http://www.rada.ac.uk",40640600,"academia_uni"
"http://www.rada.ac.uk",35597807,"academia_uni"
"http://www.rada.ac.uk",38164483,"academia_uni"
"http://www.rada.ac.uk",42471936,"academia_other"
"http://www.rada.ac.uk",34391904,"academia_pub"
"http://www.redmine.org",25864227,"no"
"http://www.redmine.org",41142695,"vendor"
"http://www.redmine.org",32073845,"no_profit"
"http://www.redmine.org",36531316,"no_profit"
"http://www.redmine.org",36606873,"vendor"
"http://www.redorbit.com",34417954,"non_trad_news"
"http://www.redorbit.com",40640602,"no"
"http://www.redorbit.com",42402413,"non_trad_news"
"http://www.redorbit.com",35597774,"non_trad_news"
"http://www.redorbit.com",32655193,"non_trad_news"
"http://www.redorbit.com",39140287,"non_trad_news"
"http://www.rhapsody.com",35597784,"no"
"http://www.rhapsody.com",38511900,"nw"
"http://www.rhapsody.com",42472271,"no"
"http://www.rhapsody.com",34391904,"nw"
"http://www.rhapsody.com",35077324,"no_profit"
"http://www.rio2016.com",34417954,"no"
"http://www.rio2016.com",38511900,"no"
"http://www.rio2016.com",35644614,"no"
"http://www.rio2016.com",34550698,"no"
"http://www.rio2016.com",42472203,"no"
"http://www.rio2016.com",35077385,"no_profit"
"http://www.rio2016.com",32417589,"no_profit"
"http://www.rio2016.com",42472222,"no_profit"
"http://www.rollingstone.com",35597807,"non_trad_news"
"http://www.rollingstone.com",42472203,"non_trad_news"
"http://www.rollingstone.com",35077385,"non_trad_news"
"http://www.rollingstone.com",33731955,"trad_news"
"http://www.rollingstone.com",32717039,"trad_news"
"http://www.rollingstone.com",35597791,"non_trad_news"
"http://www.royalcollection.org.uk",25411600,"cultural"
"http://www.royalcollection.org.uk",6355877,"cultural"
"http://www.royalcollection.org.uk",37660122,"cultural"
"http://www.royalcollection.org.uk",41983503,"cultural"
"http://www.royalcollection.org.uk",38040154,"cultural"
"http://www.royalcollection.org.uk",32774592,"cultural"
"http://www.royalcollection.org.uk",33573033,"cultural"
"http://www.salvador-dali.org",25411600,"cultural"
"http://www.salvador-dali.org",36606873,"cultural"
"http://www.salvador-dali.org",6355877,"cultural"
"http://www.salvador-dali.org",37660122,"cultural"
"http://www.salvador-dali.org",41983503,"cultural"
"http://www.salvador-dali.org",38040154,"cultural"
"http://www.salvador-dali.org",32774592,"cultural"
"http://www.scottisharchitects.org.uk",25864227,"cultural"
"http://www.scottisharchitects.org.uk",41142695,"no_profit"
"http://www.scottisharchitects.org.uk",32073845,"no"
"http://www.scottisharchitects.org.uk",36531316,"cultural"
"http://www.scottisharchitects.org.uk",36606873,"no_profit"
"http://www.sctimes.com",33732609,"non_trad_news"
"http://www.sctimes.com",32774592,"trad_news"
"http://www.sctimes.com",35679318,"non_trad_news"
"http://www.sctimes.com",39731476,"non_trad_news"
"http://www.sctimes.com",35077410,"non_trad_news"
"http://www.sctimes.com",35597778,"non_trad_news"
"http://www.sothebys.com",11021010,"no"
"http://www.sothebys.com",39332461,"vendor"
"http://www.sothebys.com",41652222,"vendor"
"http://www.sothebys.com",34630521,"vendor"
"http://www.sothebys.com",35673676,"vendor"
"http://www.sothebys.com",40323250,"vendor"
"http://www.speedskatingbase.eu",36113457,"no"
"http://www.speedskatingbase.eu",39538622,"yes"
"http://www.speedskatingbase.eu",35377304,"yes"
"http://www.speedskatingbase.eu",38425753,"no"
"http://www.speedskatingbase.eu",39920459,"yes"
"http://www.speedskatingbase.eu",42372714,"yes"
"http://www.sports-reference.com",34550698,"no"
"http://www.sports-reference.com",38511900,"no"
"http://www.sports-reference.com",42024632,"no_profit"
"http://www.sports-reference.com",33573033,"no"
"http://www.sports-reference.com",35597784,"no"
"http://www.sports-reference.com",42472203,"no"
"http://www.sports-reference.com",32417589,"no_profit"
"http://www.sports-reference.com",42472222,"no_profit"
"http://www.star-ecentral.com",35597784,"yes"
"http://www.star-ecentral.com",34417954,"yes"
"http://www.star-ecentral.com",42402413,"yes"
"http://www.star-ecentral.com",35597774,"yes"
"http://www.star-ecentral.com",32655193,"nw"
"http://www.star-ecentral.com",39140287,"yes"
"http://www.sufyanismail.com",21353389,"yes"
"http://www.sufyanismail.com",40950428,"yes"
"http://www.sufyanismail.com",38012668,"yes"
"http://www.sufyanismail.com",38427455,"yes"
"http://www.sufyanismail.com",36946810,"yes"
"http://www.sufyanismail.com",36621052,"no"
"http://www.telegraph.co.uk",25411600,"trad_news"
"http://www.telegraph.co.uk",36606873,"trad_news"
"http://www.telegraph.co.uk",6355877,"trad_news"
"http://www.telegraph.co.uk",41983503,"trad_news"
"http://www.telegraph.co.uk",39201925,"non_trad_news"
"http://www.telegraph.co.uk",42472244,"non_trad_news"
"http://www.telegraph.co.uk",38040154,"trad_news"
"http://www.telegraph.co.uk",35077410,"trad_news"
"http://www.thecalmzone.net",34417954,"cultural"
"http://www.thecalmzone.net",40640602,"no"
"http://www.thecalmzone.net",42402413,"cultural"
"http://www.thecalmzone.net",35597774,"no"
"http://www.thecalmzone.net",32655193,"no_profit"
"http://www.thecalmzone.net",39140287,"cultural"
"http://www.thegazette.co.uk",35644614,"no_profit"
"http://www.thegazette.co.uk",32717039,"vendor"
"http://www.thegazette.co.uk",33803814,"cultural"
"http://www.thegazette.co.uk",42471886,"cultural"
"http://www.thegazette.co.uk",38040405,"cultural"
"http://www.theguardian.com",25411600,"trad_news"
"http://www.theguardian.com",6355877,"trad_news"
"http://www.theguardian.com",37660122,"trad_news"
"http://www.theguardian.com",41983503,"trad_news"
"http://www.theguardian.com",38040154,"trad_news"
"http://www.theguardian.com",32774592,"trad_news"
"http://www.theguardian.com",33573033,"non_trad_news"
"http://www.thestar.com",32417589,"trad_news"
"http://www.thestar.com",40640600,"trad_news"
"http://www.thestar.com",42472271,"non_trad_news"
"http://www.thestar.com",42471936,"trad_news"
"http://www.thestar.com",34391904,"non_trad_news"
"http://www.thetalentmanager.co.uk",42472222,"no"
"http://www.thetalentmanager.co.uk",35597775,"no_profit"
"http://www.thetalentmanager.co.uk",35597733,"no_profit"
"http://www.thetalentmanager.co.uk",31001292,"no_profit"
"http://www.thetalentmanager.co.uk",32655193,"no_profit"
"http://www.thetalentmanager.co.uk",37693831,"vendor"
"http://www.thetelegraphandargus.co.uk",32073845,"trad_news"
"http://www.thetelegraphandargus.co.uk",36531316,"trad_news"
"http://www.thetelegraphandargus.co.uk",25411600,"trad_news"
"http://www.thetelegraphandargus.co.uk",36606873,"trad_news"
"http://www.thetelegraphandargus.co.uk",6355877,"non_trad_news"
"http://www.thnk.org",42471936,"no_profit"
"http://www.thnk.org",42472203,"no_profit"
"http://www.thnk.org",35077385,"no_profit"
"http://www.thnk.org",33731955,"no_profit"
"http://www.thnk.org",32717039,"no_profit"
"http://www.thnk.org",35597791,"no_profit"
"http://www.transsiberianexpress.net",27985936,"no"
"http://www.transsiberianexpress.net",42405769,"vendor"
"http://www.transsiberianexpress.net",42414846,"vendor"
"http://www.transsiberianexpress.net",39073124,"vendor"
"http://www.transsiberianexpress.net",40338958,"vendor"
"http://www.tsmc.com",15439343,"vendor"
"http://www.tsmc.com",11051473,"vendor"
"http://www.tsmc.com",33827939,"vendor"
"http://www.tsmc.com",36596402,"vendor"
"http://www.tsmc.com",40297287,"vendor"
"http://www.tsmc.com",42259233,"vendor"
"http://www.tvfestival.com",34417954,"vendor"
"http://www.tvfestival.com",40640602,"ne"
"http://www.tvfestival.com",35597774,"ne"
"http://www.tvfestival.com",42472271,"ne"
"http://www.tvfestival.com",34391904,"ne"
"http://www.tvfestival.com",32655193,"no"
"http://www.unece.org",40640600,"yes"
"http://www.unece.org",38164483,"yes"
"http://www.unece.org",32417589,"yes"
"http://www.unece.org",32717039,"yes"
"http://www.unece.org",42472271,"yes"
"http://www.unesco.org",33732609,"yes"
"http://www.unesco.org",38040317,"yes"
"http://www.unesco.org",32774592,"yes"
"http://www.unesco.org",33573033,"yes"
"http://www.unesco.org",35077385,"yes"
"http://www.valpo.edu",39920459,"academia_uni"
"http://www.valpo.edu",38425753,"academia_uni"
"http://www.valpo.edu",37869484,"academia_uni"
"http://www.valpo.edu",40245758,"academia_uni"
"http://www.valpo.edu",35377304,"academia_uni"
"http://www.valpo.edu",42372714,"academia_uni"
"http://www.viaf.org",33732609,"no_profit"
"http://www.viaf.org",32774592,"vendor"
"http://www.viaf.org",35679318,"no_profit"
"http://www.viaf.org",39731476,"ne"
"http://www.viaf.org",35077410,"cultural"
"http://www.viaf.org",35597778,"no"
"http://www.virtualbox.org",41652222,"vendor"
"http://www.virtualbox.org",40323250,"vendor"
"http://www.virtualbox.org",39554633,"no_profit"
"http://www.virtualbox.org",41110198,"no_profit"
"http://www.virtualbox.org",39538622,"vendor"
"http://www.washingtonpost.com",33731955,"trad_news"
"http://www.washingtonpost.com",32417589,"trad_news"
"http://www.washingtonpost.com",42472271,"trad_news"
"http://www.washingtonpost.com",40640510,"trad_news"
"http://www.washingtonpost.com",36922135,"non_trad_news"
"http://www.webcitation.org",33732609,"no_profit"
"http://www.webcitation.org",35679318,"no_profit"
"http://www.webcitation.org",38040317,"vendor"
"http://www.webcitation.org",32774592,"no_profit"
"http://www.webcitation.org",35597774,"no"
"http://www.who.int",31001292,"yes"
"http://www.who.int",39554633,"yes"
"http://www.who.int",39538622,"yes"
"http://www.who.int",41110198,"yes"
"http://www.who.int",34630521,"yes"
"http://www.who.int",39616594,"yes"
"http://www.who.int",40245758,"yes"
"http://www.wireshark.org",32777849,"vendor"
"http://www.wireshark.org",29971516,"no_profit"
"http://www.wireshark.org",36621052,"no_profit"
"http://www.wireshark.org",21353389,"no_profit"
"http://www.wireshark.org",36820845,"vendor"
"http://www.wireshark.org",11021010,"vendor"
"http://www.wireshark.org",42372714,"vendor"
"http://www.yesasia.com",25411600,"vendor"
"http://www.yesasia.com",36606873,"vendor"
"http://www.yesasia.com",6355877,"vendor"
"http://www.yesasia.com",41983503,"vendor"
"http://www.yesasia.com",39201925,"vendor"
"http://www.yesasia.com",42472244,"vendor"
"http://www.yesasia.com",38040154,"vendor"
"http://www.yesasia.com",35077410,"vendor"
"http://www2.census.gov",33732609,"yes"
"http://www2.census.gov",38040317,"yes"
"http://www2.census.gov",32774592,"yes"
"http://www2.census.gov",33573033,"yes"
"http://www2.census.gov",35077385,"yes"
"http://yabause.org",25864227,"no"
"http://yabause.org",41142695,"vendor"
"http://yabause.org",32073845,"no_profit"
"http://yabause.org",36531316,"no_profit"
"http://yabause.org",36606873,"vendor"
"http://yba.llgc.org.uk",35597784,"ne"
"http://yba.llgc.org.uk",38511900,"ne"
"http://yba.llgc.org.uk",42472271,"ne"
"http://yba.llgc.org.uk",34391904,"ne"
"http://yba.llgc.org.uk",35077324,"ne"
"http://yum.baseurl.org",11021010,"no"
"http://yum.baseurl.org",39332461,"vendor"
"http://yum.baseurl.org",41652222,"vendor"
"http://yum.baseurl.org",34630521,"no"
"http://yum.baseurl.org",35673676,"no"
"http://yum.baseurl.org",40323250,"vendor"
